SYNDROME,LINE,REGIMEN,DRUGS,DOSING,SOURCE
Acute undifferentiated fever (severe),1,Ceftriaxone + Doxycycline,CRO+DOX,Ceftriaxone 2 g IV q24h + Doxycycline 100 mg IV/PO q12h,ICMR 2019 Ch.2 (enteric fever + scrub typhus cover)
Acute undifferentiated fever (severe),2,Piperacillin-tazobactam + Doxycycline,TZP+DOX,Pip-tazo 4.5 g IV q6h + Doxycycline 100 mg q12h,ICMR 2019 Table 2.1
Acute undifferentiated fever (severe),3,Meropenem + Doxycycline,MEM+DOX,Meropenem 1 g IV q8h + Doxycycline 100 mg q12h,ICMR 2019 Table 2.1 (seriously ill)
Sepsis / septic shock (unclear focus),1,Imipenem + Vancomycin,IPM+VAN,Imipenem 1 g IV q8h + Vancomycin 15 mg/kg IV q8-12h,ICMR 2019 Table 3.1 (preferred)
Sepsis / septic shock (unclear focus),2,Meropenem + Vancomycin,MEM+VAN,Meropenem 1 g IV q8h + Vancomycin 15 mg/kg IV q8-12h,ICMR 2019 Table 3.1 (alternative)
Sepsis / septic shock (unclear focus),2,Cefoperazone-sulbactam + Amikacin + Teicoplanin,CSL+AMK+TEC,Cefop-sulb 3 g IV q12h + Amikacin 15 mg/kg q24h + Teicoplanin 400 mg q12h x3 then daily,ICMR 2019 Table 3.1 (alternative)
Sepsis / septic shock (unclear focus),3,Meropenem + Colistin + Vancomycin,MEM+COL+VAN,Meropenem 1 g q8h + Colistin 9 MU load then 4.5 MU q12h + Vancomycin,ICMR 2019 Table 3.1 (CRE risk)
Sepsis / septic shock (unclear focus),3,Meropenem + Polymyxin B + Teicoplanin,MEM+PMB+TEC,Meropenem 1 g q8h + Polymyxin B 15-20 lakh U load then 7.5-10 lakh U q12h + Teicoplanin,ICMR 2019 Table 3.1 (CRE risk)
Severe community-acquired pneumonia (ICU),1,Ceftriaxone + Azithromycin,CRO+AZM,Ceftriaxone 2 g IV q24h + Azithromycin 500 mg IV q24h,ICMR 2019 Ch.4 (CAP)
Severe community-acquired pneumonia (ICU),2,Amoxicillin-clavulanate + Azithromycin,AMC+AZM,Amox-clav 1.2 g IV q8h + Azithromycin 500 mg q24h,ICMR 2019 Ch.4 (CAP)
Severe community-acquired pneumonia (ICU),3,Piperacillin-tazobactam + Azithromycin,TZP+AZM,Pip-tazo 4.5 g IV q6h + Azithromycin 500 mg q24h,ICMR 2019 Ch.4 (Pseudomonas risk)
Hospital-acquired / ventilator-associated pneumonia,1,Piperacillin-tazobactam,TZP,Pip-tazo 4.5 g IV q6h (extended infusion),ICMR 2019 (no MDR risk)
Hospital-acquired / ventilator-associated pneumonia,1,Cefoperazone-sulbactam,CSL,Cefop-sulb 3 g IV q12h,ICMR 2019 (no MDR risk)
Hospital-acquired / ventilator-associated pneumonia,2,Meropenem,MEM,Meropenem 1 g IV q8h (extended infusion),ICMR 2019 (MDR risk)
Hospital-acquired / ventilator-associated pneumonia,3,Meropenem + Colistin,MEM+COL,Meropenem 1 g q8h + Colistin 9 MU load then 4.5 MU q12h,ICMR 2019 (CR-GNB risk)
Hospital-acquired / ventilator-associated pneumonia,3,Meropenem + Colistin + Linezolid,MEM+COL+LNZ,as above + Linezolid 600 mg IV q12h,ICMR 2019 (CR-GNB + MRSA risk)
Intra-abdominal infection (secondary peritonitis),1,Piperacillin-tazobactam,TZP,Pip-tazo 4.5 g IV q6h,ICMR 2019 Sec.2.1.6 (less severe)
Intra-abdominal infection (secondary peritonitis),1,Cefoperazone-sulbactam,CSL,Cefop-sulb 3 g IV q12h,ICMR 2019 Sec.2.1.6 (less severe)
Intra-abdominal infection (secondary peritonitis),2,Ertapenem,ETP,Ertapenem 1 g IV q24h,ICMR 2019 Sec.2.1.6 (severe)
Intra-abdominal infection (secondary peritonitis),2,Meropenem,MEM,Meropenem 1 g IV q8h,ICMR 2019 Sec.2.1.6 (severe)
