ICU,PATIENT_ID,SPEC_TYPE,ORGANISM,SPEC_DATE,AMC,CRO,TZP,CSL,ETP,IPM,MEM,AMK,COL,PMB,VAN,TEC,LNZ,OXA,AMP
icu_A,icu_A-00001,Blood,Escherichia coli,2025-02-07,R,S,S,S,S,S,S,S,S,S,,,,,R
icu_A,icu_A-00002,Blood,Escherichia coli,2025-10-09,R,R,S,R,S,S,S,S,S,S,,,,,R
icu_A,icu_A-00003,Blood,Escherichia coli,2025-08-04,R,R,S,S,S,S,S,S,S,S,,,,,R
icu_A,icu_A-00003,Blood,Escherichia coli,2025-08-07,S,S,S,S,S,S,S,R,S,S,,,,,R
icu_A,icu_A-00004,Blood,Escherichia coli,2025-03-13,S,S,S,S,S,S,S,S,S,S,,,,,R
icu_A,icu_A-00004,Blood,Escherichia coli,2025-03-16,S,S,S,S,S,S,S,R,S,S,,,,,R
icu_A,icu_A-00005,Blood,Escherichia coli,2025-09-23,R,R,R,R,R,R,R,S,S,S,,,,,R
icu_A,icu_A-00006,Blood,Escherichia coli,2025-11-10,R,R,R,S,S,S,S,R,S,S,,,,,R
icu_A,icu_A-00007,Blood,Escherichia coli,2025-03-16,R,R,S,S,S,S,S,S,S,S,,,,,R
icu_A,icu_A-00008,Blood,Escherichia coli,2025-09-20,R,R,S,S,S,S,S,S,S,S,,,,,R
icu_A,icu_A-00009,Blood,Escherichia coli,2025-01-21,R,R,S,S,S,S,S,S,S,S,,,,,R
icu_A,icu_A-00010,Blood,Escherichia coli,2025-12-04,R,R,S,S,S,S,S,S,S,S,,,,,R
icu_A,icu_A-00010,Blood,Escherichia coli,2025-12-07,R,R,S,R,S,S,S,S,S,S,,,,,R
icu_A,icu_A-00011,Blood,Escherichia coli,2025-07-18,S,S,S,S,S,S,S,S,R,R,,,,,R
icu_A,icu_A-00012,Blood,Escherichia coli,2025-04-25,R,S,S,S,S,S,S,S,S,S,,,,,R
icu_A,icu_A-00013,Blood,Escherichia coli,2025-05-22,R,R,S,S,S,S,S,S,S,S,,,,,R
icu_A,icu_A-00014,Blood,Escherichia coli,2025-11-22,R,R,S,R,S,S,S,S,S,S,,,,,R
icu_A,icu_A-00015,Blood,Escherichia coli,2025-12-10,R,R,R,R,R,R,R,R,S,S,,,,,R
icu_A,icu_A-00016,Blood,Escherichia coli,2025-10-30,S,S,S,S,S,S,S,S,S,S,,,,,R
icu_A,icu_A-00017,Blood,Escherichia coli,2025-02-25,R,R,R,R,R,R,R,R,S,S,,,,,R
icu_A,icu_A-00017,Blood,Escherichia coli,2025-02-28,R,R,R,R,R,R,R,R,S,S,,,,,R
icu_A,icu_A-00018,Blood,Escherichia coli,2025-06-19,R,R,R,S,S,S,S,S,S,S,,,,,R
icu_A,icu_A-00019,Blood,Escherichia coli,2025-09-09,R,R,R,R,R,R,R,R,S,S,,,,,R
icu_A,icu_A-00020,Blood,Escherichia coli,2025-09-01,S,S,S,R,S,S,S,R,S,S,,,,,R
icu_A,icu_A-00021,Blood,Escherichia coli,2025-03-29,S,S,S,S,S,S,S,S,S,S,,,,,R
icu_A,icu_A-00022,Blood,Escherichia coli,2025-06-06,S,S,S,S,S,S,S,S,S,S,,,,,R
icu_A,icu_A-00023,Blood,Escherichia coli,2025-12-09,S,S,S,S,S,S,S,S,S,S,,,,,R
icu_A,icu_A-00024,Blood,Escherichia coli,2025-05-12,S,S,S,S,S,S,S,S,R,R,,,,,R
icu_A,icu_A-00025,Blood,Escherichia coli,2025-04-25,R,R,R,R,R,R,R,R,S,S,,,,,R
icu_A,icu_A-00026,Blood,Escherichia coli,2025-01-13,S,S,S,S,S,S,S,S,S,S,,,,,R
icu_A,icu_A-00027,Blood,Escherichia coli,2025-08-15,R,R,R,S,S,S,S,S,S,S,,,,,R
icu_A,icu_A-00028,Blood,Escherichia coli,2025-12-07,S,S,S,S,S,S,S,S,S,S,,,,,R
icu_A,icu_A-00029,Blood,Escherichia coli,2025-09-27,S,S,S,S,S,S,S,S,S,S,,,,,R
icu_A,icu_A-00030,Blood,Escherichia coli,2025-08-10,R,S,S,S,S,S,S,S,R,R,,,,,R
icu_A,icu_A-00031,Blood,Escherichia coli,2025-12-04,R,R,R,R,S,S,S,S,S,S,,,,,R
icu_A,icu_A-00032,Blood,Escherichia coli,2025-10-20,R,R,R,R,R,R,R,R,S,S,,,,,R
icu_A,icu_A-00033,Blood,Escherichia coli,2025-12-27,S,S,S,S,S,S,S,S,S,S,,,,,R
icu_A,icu_A-00034,Blood,Escherichia coli,2025-02-07,R,R,S,R,S,S,S,S,S,S,,,,,R
icu_A,icu_A-00035,Blood,Escherichia coli,2025-02-02,R,R,S,S,S,S,S,S,S,S,,,,,R
icu_A,icu_A-00036,Blood,Escherichia coli,2025-02-22,R,R,R,S,S,S,S,S,S,S,,,,,R
icu_A,icu_A-00037,Blood,Escherichia coli,2025-09-28,R,R,R,R,R,R,R,R,S,S,,,,,R
icu_A,icu_A-00037,Blood,Escherichia coli,2025-10-01,R,R,S,S,S,S,S,S,S,S,,,,,R
icu_A,icu_A-00038,Blood,Escherichia coli,2025-12-04,S,S,S,S,S,S,S,S,S,S,,,,,R
icu_A,icu_A-00039,Blood,Escherichia coli,2025-10-03,R,S,S,S,S,S,S,S,S,S,,,,,R
icu_A,icu_A-00040,Blood,Escherichia coli,2025-12-19,R,R,R,R,R,R,R,R,S,S,,,,,R
icu_A,icu_A-00041,Blood,Escherichia coli,2025-05-14,R,R,S,S,S,S,S,R,S,S,,,,,R
icu_A,icu_A-00042,Blood,Escherichia coli,2025-11-30,S,S,S,S,S,S,S,R,S,S,,,,,R
icu_A,icu_A-00043,Blood,Escherichia coli,2025-09-19,R,R,S,S,S,S,S,S,S,S,,,,,R
icu_A,icu_A-00044,Blood,Escherichia coli,2025-01-28,R,R,S,R,S,S,S,S,S,S,,,,,R
icu_A,icu_A-00045,Blood,Escherichia coli,2025-10-12,S,S,S,S,S,S,S,S,S,S,,,,,R
icu_A,icu_A-00046,Blood,Escherichia coli,2025-05-27,R,R,S,R,S,S,S,S,S,S,,,,,R
icu_A,icu_A-00047,Blood,Escherichia coli,2025-05-26,R,R,R,R,R,R,R,R,S,S,,,,,R
icu_A,icu_A-00048,Blood,Escherichia coli,2025-07-24,R,R,S,S,S,S,S,S,S,S,,,,,R
icu_A,icu_A-00049,Blood,Escherichia coli,2025-01-23,R,R,R,S,S,S,S,S,S,S,,,,,R
icu_A,icu_A-00050,Blood,Escherichia coli,2025-08-24,R,R,S,R,S,S,S,S,S,S,,,,,R
icu_A,icu_A-00051,Blood,Escherichia coli,2025-08-03,S,S,S,S,S,S,S,R,S,S,,,,,R
icu_A,icu_A-00052,Blood,Escherichia coli,2025-06-18,S,S,S,S,S,S,S,R,S,S,,,,,R
icu_A,icu_A-00052,Blood,Escherichia coli,2025-06-21,R,R,R,R,R,R,R,R,S,S,,,,,R
icu_A,icu_A-00053,Blood,Escherichia coli,2025-10-18,S,S,S,S,S,S,S,S,S,S,,,,,R
icu_A,icu_A-00053,Blood,Escherichia coli,2025-10-21,S,S,S,R,S,S,S,S,S,S,,,,,R
icu_A,icu_A-00054,Blood,Escherichia coli,2025-06-28,R,R,S,S,S,S,S,S,S,S,,,,,R
icu_A,icu_A-00055,Blood,Escherichia coli,2025-12-20,S,S,S,S,S,S,S,S,S,S,,,,,R
icu_A,icu_A-00056,Blood,Escherichia coli,2025-01-29,R,R,R,R,R,R,R,R,S,S,,,,,R
icu_A,icu_A-00057,Blood,Escherichia coli,2025-11-27,S,S,S,S,S,S,S,S,S,S,,,,,R
icu_A,icu_A-00058,Blood,Escherichia coli,2025-10-05,R,R,S,S,S,S,S,R,S,S,,,,,R
icu_A,icu_A-00059,Blood,Escherichia coli,2025-02-27,R,R,S,S,S,S,S,S,S,S,,,,,R
icu_A,icu_A-00060,Blood,Escherichia coli,2025-05-24,R,R,R,R,R,R,R,R,S,S,,,,,R
icu_A,icu_A-00061,Blood,Escherichia coli,2025-08-21,R,R,S,R,S,S,S,S,S,S,,,,,R
icu_A,icu_A-00062,Blood,Escherichia coli,2025-04-21,R,R,R,R,R,R,R,R,S,S,,,,,R
icu_A,icu_A-00063,Blood,Escherichia coli,2025-03-16,S,S,S,S,S,S,S,S,S,S,,,,,R
icu_A,icu_A-00063,Blood,Escherichia coli,2025-03-19,R,R,R,R,R,R,R,S,S,S,,,,,R
icu_A,icu_A-00064,Blood,Escherichia coli,2025-12-10,R,R,R,R,R,R,R,R,S,S,,,,,R
icu_A,icu_A-00064,Blood,Escherichia coli,2025-12-13,R,R,R,S,S,S,S,S,S,S,,,,,R
icu_A,icu_A-00065,Blood,Escherichia coli,2025-12-30,R,R,R,R,R,R,R,S,S,S,,,,,R
icu_A,icu_A-00066,Blood,Escherichia coli,2025-12-20,S,S,S,S,S,S,S,S,R,R,,,,,R
icu_A,icu_A-00067,Blood,Escherichia coli,2025-09-08,R,R,R,R,R,R,R,R,S,S,,,,,R
icu_A,icu_A-00068,Blood,Escherichia coli,2025-06-19,R,R,R,R,R,R,R,R,S,S,,,,,R
icu_A,icu_A-00069,Blood,Escherichia coli,2025-03-12,R,R,S,S,S,S,S,R,S,S,,,,,R
icu_A,icu_A-00070,Blood,Escherichia coli,2025-03-06,R,R,R,S,S,S,S,S,S,S,,,,,R
icu_A,icu_A-00071,Blood,Escherichia coli,2025-10-23,R,S,S,S,S,S,S,S,S,S,,,,,R
icu_A,icu_A-00072,Blood,Escherichia coli,2025-04-23,R,R,R,R,R,R,R,R,S,S,,,,,R
icu_A,icu_A-00073,Blood,Escherichia coli,2025-04-08,R,R,S,R,S,S,S,S,S,S,,,,,R
icu_A,icu_A-00074,Blood,Escherichia coli,2025-08-08,R,R,R,R,R,R,R,S,S,S,,,,,R
icu_A,icu_A-00075,Blood,Escherichia coli,2025-07-07,R,R,R,R,S,S,S,R,S,S,,,,,R
icu_A,icu_A-00075,Blood,Escherichia coli,2025-07-10,R,R,R,R,R,R,R,S,S,S,,,,,R
icu_A,icu_A-00076,Blood,Escherichia coli,2025-11-29,R,R,R,R,R,R,R,S,S,S,,,,,R
icu_A,icu_A-00077,Blood,Escherichia coli,2025-08-06,R,R,S,S,S,S,S,S,S,S,,,,,R
icu_A,icu_A-00078,Blood,Escherichia coli,2025-02-15,S,S,S,S,S,S,S,S,S,S,,,,,R
icu_A,icu_A-00079,Blood,Escherichia coli,2025-09-15,S,S,S,S,S,S,S,S,S,S,,,,,R
icu_A,icu_A-00080,Blood,Escherichia coli,2025-12-21,R,R,S,R,S,S,S,S,S,S,,,,,R
icu_A,icu_A-00081,Blood,Klebsiella pneumoniae,2025-05-10,R,R,R,R,R,R,R,R,S,S,,,,,R
icu_A,icu_A-00082,Blood,Klebsiella pneumoniae,2025-11-23,R,R,R,R,R,R,R,R,S,S,,,,,R
icu_A,icu_A-00082,Blood,Klebsiella pneumoniae,2025-11-26,R,R,R,R,R,R,R,R,S,S,,,,,R
icu_A,icu_A-00083,Blood,Klebsiella pneumoniae,2025-12-05,S,S,S,S,S,S,S,S,S,S,,,,,R
icu_A,icu_A-00083,Blood,Klebsiella pneumoniae,2025-12-08,R,R,R,R,R,R,R,R,S,S,,,,,R
icu_A,icu_A-00084,Blood,Klebsiella pneumoniae,2025-05-26,R,R,R,R,R,R,R,R,S,S,,,,,R
icu_A,icu_A-00085,Blood,Klebsiella pneumoniae,2025-01-08,R,R,S,S,S,S,S,S,S,S,,,,,R
icu_A,icu_A-00086,Blood,Klebsiella pneumoniae,2025-04-16,R,S,S,S,S,S,S,S,S,S,,,,,R
icu_A,icu_A-00086,Blood,Klebsiella pneumoniae,2025-04-19,S,S,S,S,S,S,S,S,S,S,,,,,R
icu_A,icu_A-00087,Blood,Klebsiella pneumoniae,2025-03-06,S,S,S,S,S,S,S,S,S,S,,,,,R
icu_A,icu_A-00088,Blood,Klebsiella pneumoniae,2025-11-20,R,R,R,R,R,R,R,R,S,S,,,,,R
icu_A,icu_A-00089,Blood,Klebsiella pneumoniae,2025-06-20,R,R,R,R,R,R,R,R,S,S,,,,,R
icu_A,icu_A-00090,Blood,Klebsiella pneumoniae,2025-01-19,R,R,S,R,S,S,S,S,S,S,,,,,R
icu_A,icu_A-00091,Blood,Klebsiella pneumoniae,2025-11-11,R,R,R,R,R,R,R,R,S,S,,,,,R
icu_A,icu_A-00092,Blood,Klebsiella pneumoniae,2025-08-23,S,S,S,S,S,S,S,R,S,S,,,,,R
icu_A,icu_A-00093,Blood,Klebsiella pneumoniae,2025-01-26,R,R,R,R,R,R,R,S,S,S,,,,,R
icu_A,icu_A-00094,Blood,Klebsiella pneumoniae,2025-05-04,S,S,S,S,S,S,S,S,S,S,,,,,R
icu_A,icu_A-00095,Blood,Klebsiella pneumoniae,2025-11-20,R,R,R,R,R,R,R,S,S,S,,,,,R
icu_A,icu_A-00096,Blood,Klebsiella pneumoniae,2025-04-03,S,S,S,S,S,S,S,S,S,S,,,,,R
icu_A,icu_A-00097,Blood,Klebsiella pneumoniae,2025-03-16,S,S,S,S,S,S,S,S,S,S,,,,,R
icu_A,icu_A-00098,Blood,Klebsiella pneumoniae,2025-08-31,S,S,S,S,S,S,S,S,S,S,,,,,R
icu_A,icu_A-00099,Blood,Klebsiella pneumoniae,2025-12-24,R,R,R,R,R,R,R,R,S,S,,,,,R
icu_A,icu_A-00100,Blood,Klebsiella pneumoniae,2025-04-28,R,S,S,S,S,S,S,S,S,S,,,,,R
icu_A,icu_A-00101,Blood,Klebsiella pneumoniae,2025-07-25,R,R,R,R,R,R,R,S,S,S,,,,,R
icu_A,icu_A-00102,Blood,Klebsiella pneumoniae,2025-03-10,R,R,R,R,R,R,R,R,S,S,,,,,R
icu_A,icu_A-00102,Blood,Klebsiella pneumoniae,2025-03-13,R,R,R,S,S,S,S,S,S,S,,,,,R
icu_A,icu_A-00103,Blood,Klebsiella pneumoniae,2025-10-31,R,R,R,R,R,R,R,S,S,S,,,,,R
icu_A,icu_A-00104,Blood,Klebsiella pneumoniae,2025-11-20,R,R,R,R,R,R,R,R,S,S,,,,,R
icu_A,icu_A-00105,Blood,Klebsiella pneumoniae,2025-07-25,R,R,R,R,R,R,R,S,S,S,,,,,R
icu_A,icu_A-00106,Blood,Klebsiella pneumoniae,2025-11-16,R,R,S,S,S,S,S,R,S,S,,,,,R
icu_A,icu_A-00107,Blood,Klebsiella pneumoniae,2025-02-03,R,R,R,R,R,R,R,R,R,R,,,,,R
icu_A,icu_A-00108,Blood,Klebsiella pneumoniae,2025-12-22,R,R,R,R,R,R,R,R,S,S,,,,,R
icu_A,icu_A-00109,Blood,Klebsiella pneumoniae,2025-12-23,R,R,S,S,S,S,S,S,S,S,,,,,R
icu_A,icu_A-00110,Blood,Klebsiella pneumoniae,2025-01-28,S,S,S,R,S,S,S,S,S,S,,,,,R
icu_A,icu_A-00111,Blood,Klebsiella pneumoniae,2025-09-05,R,S,S,S,S,S,S,S,S,S,,,,,R
icu_A,icu_A-00112,Blood,Klebsiella pneumoniae,2025-11-08,R,R,R,R,R,R,R,R,S,S,,,,,R
icu_A,icu_A-00113,Blood,Klebsiella pneumoniae,2025-04-17,S,S,S,S,S,S,S,S,R,R,,,,,R
icu_A,icu_A-00114,Blood,Klebsiella pneumoniae,2025-07-05,R,R,S,S,S,S,S,S,S,S,,,,,R
icu_A,icu_A-00115,Blood,Klebsiella pneumoniae,2025-05-09,R,R,R,R,R,R,R,R,S,S,,,,,R
icu_A,icu_A-00116,Blood,Klebsiella pneumoniae,2025-12-30,S,S,S,R,S,S,S,R,R,R,,,,,R
icu_A,icu_A-00117,Blood,Klebsiella pneumoniae,2025-08-31,R,R,R,R,R,R,R,S,S,S,,,,,R
icu_A,icu_A-00118,Blood,Klebsiella pneumoniae,2025-11-20,S,S,S,S,S,S,S,S,R,R,,,,,R
icu_A,icu_A-00118,Blood,Klebsiella pneumoniae,2025-11-23,S,S,S,S,S,S,S,R,S,S,,,,,R
icu_A,icu_A-00119,Blood,Klebsiella pneumoniae,2025-04-27,R,R,R,R,R,R,R,R,S,S,,,,,R
icu_A,icu_A-00120,Blood,Klebsiella pneumoniae,2025-03-08,R,R,R,R,R,R,R,R,S,S,,,,,R
icu_A,icu_A-00121,Blood,Klebsiella pneumoniae,2025-06-23,R,R,R,R,R,R,R,R,S,S,,,,,R
icu_A,icu_A-00122,Blood,Klebsiella pneumoniae,2025-01-03,R,R,R,S,S,S,S,S,S,S,,,,,R
icu_A,icu_A-00123,Blood,Klebsiella pneumoniae,2025-12-10,R,R,R,R,R,R,R,R,S,S,,,,,R
icu_A,icu_A-00124,Blood,Klebsiella pneumoniae,2025-04-28,R,R,R,R,R,R,R,R,S,S,,,,,R
icu_A,icu_A-00125,Blood,Klebsiella pneumoniae,2025-05-27,R,R,R,R,R,R,R,R,R,R,,,,,R
icu_A,icu_A-00126,Blood,Klebsiella pneumoniae,2025-04-08,S,S,S,S,S,S,S,S,S,S,,,,,R
icu_A,icu_A-00127,Blood,Klebsiella pneumoniae,2025-01-11,R,R,R,R,R,R,R,R,S,S,,,,,R
icu_A,icu_A-00128,Blood,Klebsiella pneumoniae,2025-07-12,R,R,R,R,R,R,R,R,S,S,,,,,R
icu_A,icu_A-00129,Blood,Klebsiella pneumoniae,2025-03-30,R,R,R,R,R,R,R,S,S,S,,,,,R
icu_A,icu_A-00130,Blood,Klebsiella pneumoniae,2025-05-16,R,R,R,R,S,S,S,S,S,S,,,,,R
icu_A,icu_A-00131,Blood,Klebsiella pneumoniae,2025-12-21,R,R,R,R,R,R,R,S,S,S,,,,,R
icu_A,icu_A-00132,Blood,Klebsiella pneumoniae,2025-11-04,R,R,R,R,R,R,R,S,S,S,,,,,R
icu_A,icu_A-00132,Blood,Klebsiella pneumoniae,2025-11-07,S,S,S,S,S,S,S,R,S,S,,,,,R
icu_A,icu_A-00133,Blood,Klebsiella pneumoniae,2025-06-29,S,S,S,S,S,S,S,S,S,S,,,,,R
icu_A,icu_A-00134,Blood,Klebsiella pneumoniae,2025-07-15,R,R,R,R,R,R,R,R,R,R,,,,,R
icu_A,icu_A-00135,Blood,Klebsiella pneumoniae,2025-12-10,R,R,R,R,R,R,R,R,S,S,,,,,R
icu_A,icu_A-00136,Blood,Klebsiella pneumoniae,2025-12-07,R,R,R,R,R,R,R,R,S,S,,,,,R
icu_A,icu_A-00137,Blood,Klebsiella pneumoniae,2025-04-15,R,R,S,S,S,S,S,S,S,S,,,,,R
icu_A,icu_A-00138,Blood,Klebsiella pneumoniae,2025-04-21,R,R,R,R,R,R,R,R,S,S,,,,,R
icu_A,icu_A-00138,Blood,Klebsiella pneumoniae,2025-04-24,R,R,R,R,R,R,R,R,S,S,,,,,R
icu_A,icu_A-00139,Blood,Klebsiella pneumoniae,2025-11-14,R,R,R,R,R,R,R,S,S,S,,,,,R
icu_A,icu_A-00139,Blood,Klebsiella pneumoniae,2025-11-17,R,R,R,R,R,R,R,R,S,S,,,,,R
icu_A,icu_A-00140,Blood,Klebsiella pneumoniae,2025-04-10,S,S,R,S,S,S,S,S,S,S,,,,,R
icu_A,icu_A-00141,Blood,Klebsiella pneumoniae,2025-12-16,R,R,R,R,R,R,R,S,S,S,,,,,R
icu_A,icu_A-00142,Blood,Klebsiella pneumoniae,2025-08-06,R,R,R,R,R,R,R,R,S,S,,,,,R
icu_A,icu_A-00142,Blood,Klebsiella pneumoniae,2025-08-09,R,R,R,R,R,R,R,S,S,S,,,,,R
icu_A,icu_A-00143,Blood,Klebsiella pneumoniae,2025-03-20,S,S,S,S,S,S,S,S,S,S,,,,,R
icu_A,icu_A-00144,Blood,Klebsiella pneumoniae,2025-05-24,S,S,S,S,S,S,S,S,S,S,,,,,R
icu_A,icu_A-00145,Blood,Klebsiella pneumoniae,2025-11-27,R,R,R,R,R,R,R,R,S,S,,,,,R
icu_A,icu_A-00146,Blood,Klebsiella pneumoniae,2025-11-05,R,R,R,R,R,R,R,R,S,S,,,,,R
icu_A,icu_A-00147,Blood,Klebsiella pneumoniae,2025-10-24,R,R,R,R,R,R,R,R,S,S,,,,,R
icu_A,icu_A-00148,Blood,Klebsiella pneumoniae,2025-04-26,R,R,R,R,R,R,R,S,S,S,,,,,R
icu_A,icu_A-00149,Blood,Klebsiella pneumoniae,2025-06-26,S,S,S,S,S,S,S,S,R,R,,,,,R
icu_A,icu_A-00150,Blood,Klebsiella pneumoniae,2025-12-10,R,R,R,R,R,R,R,R,S,S,,,,,R
icu_A,icu_A-00151,Blood,Klebsiella pneumoniae,2025-03-30,S,S,S,S,S,S,S,S,S,S,,,,,R
icu_A,icu_A-00152,Blood,Klebsiella pneumoniae,2025-12-08,R,R,S,S,S,S,S,S,S,S,,,,,R
icu_A,icu_A-00153,Blood,Klebsiella pneumoniae,2025-06-09,R,R,R,R,R,R,R,R,S,S,,,,,R
icu_A,icu_A-00154,Blood,Klebsiella pneumoniae,2025-01-18,R,R,R,R,R,R,R,S,S,S,,,,,R
icu_A,icu_A-00155,Blood,Klebsiella pneumoniae,2025-05-30,R,R,R,R,R,R,R,R,S,S,,,,,R
icu_A,icu_A-00156,Blood,Klebsiella pneumoniae,2025-11-05,S,S,S,S,S,S,S,S,S,S,,,,,R
icu_A,icu_A-00157,Blood,Klebsiella pneumoniae,2025-04-27,R,R,R,R,R,R,R,R,S,S,,,,,R
icu_A,icu_A-00158,Blood,Klebsiella pneumoniae,2025-05-26,R,R,R,R,R,R,R,R,S,S,,,,,R
icu_A,icu_A-00159,Blood,Klebsiella pneumoniae,2025-12-06,R,R,R,R,R,R,R,R,S,S,,,,,R
icu_A,icu_A-00160,Blood,Klebsiella pneumoniae,2025-03-26,R,R,R,R,R,R,R,R,S,S,,,,,R
icu_A,icu_A-00161,Blood,Klebsiella pneumoniae,2025-11-27,S,S,S,S,S,S,S,S,S,S,,,,,R
icu_A,icu_A-00162,Blood,Klebsiella pneumoniae,2025-04-15,S,S,S,S,S,S,S,S,S,S,,,,,R
icu_A,icu_A-00162,Blood,Klebsiella pneumoniae,2025-04-18,R,R,S,S,S,S,S,S,S,S,,,,,R
icu_A,icu_A-00163,Blood,Klebsiella pneumoniae,2025-04-09,S,S,S,S,S,S,S,R,S,S,,,,,R
icu_A,icu_A-00164,Blood,Klebsiella pneumoniae,2025-07-09,R,R,R,R,R,R,R,S,S,S,,,,,R
icu_A,icu_A-00165,Blood,Klebsiella pneumoniae,2025-12-14,R,R,R,R,R,R,R,S,S,S,,,,,R
icu_A,icu_A-00166,Blood,Klebsiella pneumoniae,2025-04-03,R,R,R,S,S,S,S,S,S,S,,,,,R
icu_A,icu_A-00167,Blood,Klebsiella pneumoniae,2025-06-05,R,R,R,R,R,R,R,R,S,S,,,,,R
icu_A,icu_A-00168,Blood,Klebsiella pneumoniae,2025-10-10,R,R,R,R,R,R,R,S,S,S,,,,,R
icu_A,icu_A-00169,Blood,Klebsiella pneumoniae,2025-10-28,R,R,R,R,R,R,R,S,S,S,,,,,R
icu_A,icu_A-00170,Blood,Klebsiella pneumoniae,2025-03-10,R,R,R,R,R,R,R,R,S,S,,,,,R
icu_A,icu_A-00171,Blood,Acinetobacter baumannii,2025-09-12,R,R,S,S,R,S,S,R,S,S,,,,,R
icu_A,icu_A-00172,Blood,Acinetobacter baumannii,2025-02-03,R,R,R,R,R,R,R,S,S,S,,,,,R
icu_A,icu_A-00172,Blood,Acinetobacter baumannii,2025-02-06,R,R,R,R,R,R,R,R,S,S,,,,,R
icu_A,icu_A-00173,Blood,Acinetobacter baumannii,2025-05-25,R,R,R,R,R,R,R,S,S,S,,,,,R
icu_A,icu_A-00174,Blood,Acinetobacter baumannii,2025-05-03,R,R,R,S,R,R,R,S,S,S,,,,,R
icu_A,icu_A-00175,Blood,Acinetobacter baumannii,2025-05-18,R,R,R,S,R,R,R,R,S,S,,,,,R
icu_A,icu_A-00176,Blood,Acinetobacter baumannii,2025-09-17,R,R,R,R,R,R,R,R,R,R,,,,,R
icu_A,icu_A-00177,Blood,Acinetobacter baumannii,2025-05-09,R,R,R,R,R,R,R,R,S,S,,,,,R
icu_A,icu_A-00178,Blood,Acinetobacter baumannii,2025-09-10,R,R,R,R,R,R,R,R,S,S,,,,,R
icu_A,icu_A-00178,Blood,Acinetobacter baumannii,2025-09-13,R,R,R,R,R,R,R,R,S,S,,,,,R
icu_A,icu_A-00179,Blood,Acinetobacter baumannii,2025-12-27,R,R,R,S,R,R,R,R,S,S,,,,,R
icu_A,icu_A-00180,Blood,Acinetobacter baumannii,2025-04-17,R,R,R,R,R,R,R,R,S,S,,,,,R
icu_A,icu_A-00181,Blood,Acinetobacter baumannii,2025-12-05,R,R,R,R,R,R,R,R,S,S,,,,,R
icu_A,icu_A-00182,Blood,Acinetobacter baumannii,2025-04-30,R,R,R,R,R,R,R,R,S,S,,,,,R
icu_A,icu_A-00183,Blood,Acinetobacter baumannii,2025-10-21,R,R,R,R,R,R,R,S,S,S,,,,,R
icu_A,icu_A-00184,Blood,Acinetobacter baumannii,2025-02-15,R,R,R,S,R,S,S,R,S,S,,,,,R
icu_A,icu_A-00185,Blood,Acinetobacter baumannii,2025-10-24,R,R,R,R,R,R,R,R,S,S,,,,,R
icu_A,icu_A-00186,Blood,Acinetobacter baumannii,2025-08-19,R,R,R,R,R,R,R,R,S,S,,,,,R
icu_A,icu_A-00187,Blood,Acinetobacter baumannii,2025-02-12,R,R,R,R,R,R,R,R,S,S,,,,,R
icu_A,icu_A-00188,Blood,Acinetobacter baumannii,2025-12-31,R,R,R,R,R,R,R,R,S,S,,,,,R
icu_A,icu_A-00189,Blood,Acinetobacter baumannii,2025-05-09,R,R,R,S,R,S,S,R,S,S,,,,,R
icu_A,icu_A-00190,Blood,Acinetobacter baumannii,2025-02-08,R,R,R,R,R,R,R,S,S,S,,,,,R
icu_A,icu_A-00191,Blood,Acinetobacter baumannii,2025-02-23,R,R,R,S,R,R,R,R,S,S,,,,,R
icu_A,icu_A-00192,Blood,Acinetobacter baumannii,2025-02-24,R,R,R,R,R,R,R,S,S,S,,,,,R
icu_A,icu_A-00192,Blood,Acinetobacter baumannii,2025-02-27,R,R,R,R,R,R,R,R,S,S,,,,,R
icu_A,icu_A-00193,Blood,Acinetobacter baumannii,2025-03-06,R,R,R,R,R,R,R,R,S,S,,,,,R
icu_A,icu_A-00194,Blood,Acinetobacter baumannii,2025-07-07,R,R,R,R,R,R,R,R,S,S,,,,,R
icu_A,icu_A-00195,Blood,Acinetobacter baumannii,2025-07-01,R,R,R,S,R,R,R,R,S,S,,,,,R
icu_A,icu_A-00196,Blood,Acinetobacter baumannii,2025-09-20,R,R,R,S,R,R,R,S,S,S,,,,,R
icu_A,icu_A-00197,Blood,Acinetobacter baumannii,2025-02-04,R,R,R,R,R,R,R,S,S,S,,,,,R
icu_A,icu_A-00198,Blood,Acinetobacter baumannii,2025-05-09,R,R,R,R,R,R,R,R,S,S,,,,,R
icu_A,icu_A-00199,Blood,Acinetobacter baumannii,2025-10-24,R,R,R,R,R,R,R,S,S,S,,,,,R
icu_A,icu_A-00200,Blood,Acinetobacter baumannii,2025-08-22,R,R,R,R,R,R,R,R,S,S,,,,,R
icu_A,icu_A-00201,Blood,Acinetobacter baumannii,2025-05-10,R,R,S,S,R,S,S,R,S,S,,,,,R
icu_A,icu_A-00202,Blood,Acinetobacter baumannii,2025-07-10,R,R,R,R,R,R,R,S,R,R,,,,,R
icu_A,icu_A-00203,Blood,Acinetobacter baumannii,2025-10-08,R,R,R,R,R,R,R,S,S,S,,,,,R
icu_A,icu_A-00204,Blood,Acinetobacter baumannii,2025-01-10,R,R,R,R,R,R,R,S,S,S,,,,,R
icu_A,icu_A-00205,Blood,Acinetobacter baumannii,2025-05-09,R,R,R,R,R,R,R,R,S,S,,,,,R
icu_A,icu_A-00206,Blood,Acinetobacter baumannii,2025-09-09,R,R,R,R,R,R,R,S,S,S,,,,,R
icu_A,icu_A-00207,Blood,Acinetobacter baumannii,2025-11-29,R,R,R,S,R,R,R,S,R,R,,,,,R
icu_A,icu_A-00208,Blood,Acinetobacter baumannii,2025-03-29,R,R,R,S,R,R,R,S,S,S,,,,,R
icu_A,icu_A-00209,Blood,Acinetobacter baumannii,2025-11-24,R,R,R,R,R,R,R,R,S,S,,,,,R
icu_A,icu_A-00210,Blood,Acinetobacter baumannii,2025-06-19,R,R,R,R,R,R,R,R,S,S,,,,,R
icu_A,icu_A-00211,Blood,Acinetobacter baumannii,2025-09-16,R,R,S,S,R,S,S,S,S,S,,,,,R
icu_A,icu_A-00212,Blood,Acinetobacter baumannii,2025-06-20,R,R,R,R,R,R,R,R,S,S,,,,,R
icu_A,icu_A-00213,Blood,Acinetobacter baumannii,2025-02-23,R,R,R,R,R,R,R,R,S,S,,,,,R
icu_A,icu_A-00214,Blood,Acinetobacter baumannii,2025-08-27,R,R,R,S,R,S,S,R,S,S,,,,,R
icu_A,icu_A-00215,Blood,Acinetobacter baumannii,2025-08-24,R,R,R,S,R,S,S,R,R,R,,,,,R
icu_A,icu_A-00216,Blood,Acinetobacter baumannii,2025-09-19,R,R,R,R,R,R,R,S,S,S,,,,,R
icu_A,icu_A-00217,Blood,Acinetobacter baumannii,2025-08-31,R,R,R,S,R,R,R,R,S,S,,,,,R
icu_A,icu_A-00218,Blood,Acinetobacter baumannii,2025-12-02,R,R,S,S,R,S,S,R,S,S,,,,,R
icu_A,icu_A-00219,Blood,Acinetobacter baumannii,2025-02-09,R,R,R,R,R,R,R,S,S,S,,,,,R
icu_A,icu_A-00220,Blood,Acinetobacter baumannii,2025-09-13,R,R,R,S,R,R,R,R,S,S,,,,,R
icu_A,icu_A-00221,Blood,Pseudomonas aeruginosa,2025-05-11,R,R,S,S,R,S,S,S,S,S,,,,,R
icu_A,icu_A-00222,Blood,Pseudomonas aeruginosa,2025-12-07,R,R,S,S,R,S,S,S,R,R,,,,,R
icu_A,icu_A-00223,Blood,Pseudomonas aeruginosa,2025-12-01,R,R,S,R,R,S,S,S,S,S,,,,,R
icu_A,icu_A-00224,Blood,Pseudomonas aeruginosa,2025-04-15,R,R,S,S,R,S,S,S,S,S,,,,,R
icu_A,icu_A-00225,Blood,Pseudomonas aeruginosa,2025-03-06,R,R,R,S,R,R,R,R,S,S,,,,,R
icu_A,icu_A-00226,Blood,Pseudomonas aeruginosa,2025-10-16,R,R,R,R,R,R,R,R,S,S,,,,,R
icu_A,icu_A-00227,Blood,Pseudomonas aeruginosa,2025-08-12,R,R,R,R,R,S,S,S,S,S,,,,,R
icu_A,icu_A-00227,Blood,Pseudomonas aeruginosa,2025-08-15,R,R,S,R,R,S,S,S,S,S,,,,,R
icu_A,icu_A-00228,Blood,Pseudomonas aeruginosa,2025-02-02,R,R,R,S,R,S,S,S,S,S,,,,,R
icu_A,icu_A-00229,Blood,Pseudomonas aeruginosa,2025-04-26,R,R,S,S,R,S,S,S,S,S,,,,,R
icu_A,icu_A-00229,Blood,Pseudomonas aeruginosa,2025-04-29,R,R,S,S,R,S,S,R,S,S,,,,,R
icu_A,icu_A-00230,Blood,Pseudomonas aeruginosa,2025-03-09,R,R,S,S,R,S,S,S,S,S,,,,,R
icu_A,icu_A-00231,Blood,Pseudomonas aeruginosa,2025-07-31,R,R,R,R,R,R,R,R,S,S,,,,,R
icu_A,icu_A-00232,Blood,Pseudomonas aeruginosa,2025-05-24,R,R,R,S,R,S,S,S,S,S,,,,,R
icu_A,icu_A-00233,Blood,Pseudomonas aeruginosa,2025-05-10,R,R,S,R,R,R,R,R,S,S,,,,,R
icu_A,icu_A-00234,Blood,Pseudomonas aeruginosa,2025-06-05,R,R,S,S,R,S,S,S,R,R,,,,,R
icu_A,icu_A-00235,Blood,Pseudomonas aeruginosa,2025-11-10,R,R,R,S,R,R,R,S,S,S,,,,,R
icu_A,icu_A-00236,Blood,Pseudomonas aeruginosa,2025-02-05,R,R,R,R,R,R,R,R,S,S,,,,,R
icu_A,icu_A-00237,Blood,Pseudomonas aeruginosa,2025-08-05,R,R,S,S,R,S,S,S,S,S,,,,,R
icu_A,icu_A-00238,Blood,Pseudomonas aeruginosa,2025-12-06,R,R,S,R,R,R,R,S,S,S,,,,,R
icu_A,icu_A-00239,Blood,Pseudomonas aeruginosa,2025-03-24,R,R,S,S,R,S,S,S,S,S,,,,,R
icu_A,icu_A-00240,Blood,Pseudomonas aeruginosa,2025-03-15,R,R,S,S,R,S,S,S,S,S,,,,,R
icu_A,icu_A-00241,Blood,Pseudomonas aeruginosa,2025-11-21,R,R,S,R,R,S,S,S,S,S,,,,,R
icu_A,icu_A-00242,Blood,Pseudomonas aeruginosa,2025-10-11,R,R,S,S,R,S,S,S,S,S,,,,,R
icu_A,icu_A-00243,Blood,Pseudomonas aeruginosa,2025-08-29,R,R,S,S,R,S,S,S,S,S,,,,,R
icu_A,icu_A-00244,Blood,Pseudomonas aeruginosa,2025-06-12,R,R,S,R,R,S,S,S,S,S,,,,,R
icu_A,icu_A-00245,Blood,Pseudomonas aeruginosa,2025-04-30,R,R,S,S,R,S,S,S,S,S,,,,,R
icu_A,icu_A-00246,Blood,Pseudomonas aeruginosa,2025-01-25,R,R,S,S,R,S,S,S,S,S,,,,,R
icu_A,icu_A-00247,Blood,Pseudomonas aeruginosa,2025-05-24,R,R,R,S,R,R,R,R,S,S,,,,,R
icu_A,icu_A-00248,Blood,Pseudomonas aeruginosa,2025-01-09,R,R,S,S,R,S,S,S,S,S,,,,,R
icu_A,icu_A-00249,Blood,Pseudomonas aeruginosa,2025-01-25,R,R,S,S,R,S,S,S,S,S,,,,,R
icu_A,icu_A-00250,Blood,Pseudomonas aeruginosa,2025-02-08,R,R,S,S,R,S,S,S,S,S,,,,,R
icu_A,icu_A-00251,Blood,Pseudomonas aeruginosa,2025-06-04,R,R,S,S,R,S,S,S,S,S,,,,,R
icu_A,icu_A-00252,Blood,Pseudomonas aeruginosa,2025-06-04,R,R,S,S,R,S,S,S,S,S,,,,,R
icu_A,icu_A-00253,Blood,Pseudomonas aeruginosa,2025-10-30,R,R,R,R,R,R,R,R,S,S,,,,,R
icu_A,icu_A-00254,Blood,Pseudomonas aeruginosa,2025-08-17,R,R,R,R,R,S,S,S,S,S,,,,,R
icu_A,icu_A-00255,Blood,Pseudomonas aeruginosa,2025-10-09,R,R,S,S,R,S,S,S,S,S,,,,,R
icu_A,icu_A-00256,Blood,Staphylococcus aureus,2025-04-25,S,S,S,S,S,S,S,,,,S,S,S,S,
icu_A,icu_A-00257,Blood,Staphylococcus aureus,2025-07-10,S,S,S,S,S,S,S,,,,S,S,S,S,
icu_A,icu_A-00258,Blood,Staphylococcus aureus,2025-06-10,S,S,S,S,S,S,S,,,,S,S,S,S,
icu_A,icu_A-00259,Blood,Staphylococcus aureus,2025-12-06,S,S,S,S,S,S,S,,,,S,S,S,S,
icu_A,icu_A-00260,Blood,Staphylococcus aureus,2025-05-21,S,S,S,S,S,S,S,,,,S,S,S,S,
icu_A,icu_A-00261,Blood,Staphylococcus aureus,2025-06-17,S,S,S,S,S,S,S,,,,S,S,S,S,
icu_A,icu_A-00262,Blood,Staphylococcus aureus,2025-10-11,S,S,S,S,S,S,S,,,,S,S,S,S,
icu_A,icu_A-00263,Blood,Staphylococcus aureus,2025-12-20,S,S,S,S,S,S,S,,,,S,S,S,S,
icu_A,icu_A-00264,Blood,Staphylococcus aureus,2025-08-25,S,S,S,S,S,S,S,,,,S,S,S,S,
icu_A,icu_A-00265,Blood,Staphylococcus aureus,2025-08-13,S,S,S,S,S,S,S,,,,S,S,S,S,
icu_A,icu_A-00266,Blood,Staphylococcus aureus,2025-11-18,R,R,R,R,R,R,R,,,,S,S,S,R,
icu_A,icu_A-00267,Blood,Staphylococcus aureus,2025-01-01,S,S,S,S,S,S,S,,,,S,S,S,S,
icu_A,icu_A-00268,Blood,Staphylococcus aureus,2025-12-20,S,S,S,S,S,S,S,,,,S,S,S,S,
icu_A,icu_A-00269,Blood,Staphylococcus aureus,2025-06-02,R,R,R,R,R,R,R,,,,S,S,S,R,
icu_A,icu_A-00270,Blood,Staphylococcus aureus,2025-09-15,S,S,S,S,S,S,S,,,,S,S,S,S,
icu_A,icu_A-00271,Blood,Staphylococcus aureus,2025-06-17,R,R,R,R,R,R,R,,,,S,S,S,R,
icu_A,icu_A-00272,Blood,Staphylococcus aureus,2025-04-19,R,R,R,R,R,R,R,,,,S,S,S,R,
icu_A,icu_A-00272,Blood,Staphylococcus aureus,2025-04-22,R,R,R,R,R,R,R,,,,S,S,S,R,
icu_A,icu_A-00273,Blood,Staphylococcus aureus,2025-09-22,R,R,R,R,R,R,R,,,,S,S,S,R,
icu_A,icu_A-00274,Blood,Staphylococcus aureus,2025-03-14,S,S,S,S,S,S,S,,,,S,S,S,S,
icu_A,icu_A-00275,Blood,Staphylococcus aureus,2025-02-17,S,S,S,S,S,S,S,,,,S,S,S,S,
icu_A,icu_A-00276,Blood,Staphylococcus aureus,2025-03-01,R,R,R,R,R,R,R,,,,S,S,S,R,
icu_A,icu_A-00277,Blood,Staphylococcus aureus,2025-07-15,S,S,S,S,S,S,S,,,,S,S,S,S,
icu_A,icu_A-00278,Blood,Staphylococcus aureus,2025-12-30,R,R,R,R,R,R,R,,,,S,S,S,R,
icu_A,icu_A-00279,Blood,Staphylococcus aureus,2025-12-26,R,R,R,R,R,R,R,,,,S,S,S,R,
icu_A,icu_A-00280,Blood,Staphylococcus aureus,2025-01-14,S,S,S,S,S,S,S,,,,S,S,S,S,
icu_A,icu_A-00281,Blood,Staphylococcus aureus,2025-10-23,S,S,S,S,S,S,S,,,,S,S,S,S,
icu_A,icu_A-00282,Blood,Staphylococcus aureus,2025-08-20,S,S,S,S,S,S,S,,,,S,S,S,S,
icu_A,icu_A-00283,Blood,Staphylococcus aureus,2025-02-23,S,S,S,S,S,S,S,,,,S,S,S,S,
icu_A,icu_A-00284,Blood,Staphylococcus aureus,2025-03-17,R,R,R,R,R,R,R,,,,S,S,S,R,
icu_A,icu_A-00285,Blood,Staphylococcus aureus,2025-12-10,R,R,R,R,R,R,R,,,,S,S,S,R,
icu_A,icu_A-00286,Blood,Staphylococcus aureus,2025-08-23,S,S,S,S,S,S,S,,,,S,S,S,S,
icu_A,icu_A-00287,Blood,Staphylococcus aureus,2025-04-08,R,R,R,R,R,R,R,,,,S,S,S,R,
icu_A,icu_A-00288,Blood,Staphylococcus aureus,2025-07-21,R,R,R,R,R,R,R,,,,S,S,S,R,
icu_A,icu_A-00289,Blood,Staphylococcus aureus,2025-12-04,R,R,R,R,R,R,R,,,,S,S,S,R,
icu_A,icu_A-00290,Blood,Staphylococcus aureus,2025-08-04,S,S,S,S,S,S,S,,,,S,S,S,S,
icu_A,icu_A-00291,Blood,Staphylococcus aureus,2025-10-02,S,S,S,S,S,S,S,,,,S,S,S,S,
icu_A,icu_A-00292,Blood,Staphylococcus aureus,2025-11-06,S,S,S,S,S,S,S,,,,S,S,S,S,
icu_A,icu_A-00293,Blood,Staphylococcus aureus,2025-03-14,R,R,R,R,R,R,R,,,,S,S,S,R,
icu_A,icu_A-00294,Blood,Staphylococcus aureus,2025-09-14,R,R,R,R,R,R,R,,,,S,S,S,R,
icu_A,icu_A-00294,Blood,Staphylococcus aureus,2025-09-17,S,S,S,S,S,S,S,,,,S,S,S,S,
icu_A,icu_A-00295,Blood,Staphylococcus aureus,2025-10-24,R,R,R,R,R,R,R,,,,S,S,S,R,
icu_A,icu_A-00296,Blood,Staphylococcus aureus,2025-09-05,S,S,S,S,S,S,S,,,,S,S,S,S,
icu_A,icu_A-00297,Blood,Staphylococcus aureus,2025-06-17,S,S,S,S,S,S,S,,,,S,S,S,S,
icu_A,icu_A-00298,Blood,Staphylococcus aureus,2025-11-01,S,S,S,S,S,S,S,,,,S,S,S,S,
icu_A,icu_A-00299,Blood,Staphylococcus aureus,2025-11-01,R,R,R,R,R,R,R,,,,S,S,S,R,
icu_A,icu_A-00300,Blood,Staphylococcus aureus,2025-09-11,S,S,S,S,S,S,S,,,,S,S,S,S,
icu_A,icu_A-00301,Blood,Staphylococcus aureus,2025-01-01,S,S,S,S,S,S,S,,,,S,S,S,S,
icu_A,icu_A-00302,Blood,Staphylococcus aureus,2025-10-20,R,R,R,R,R,R,R,,,,S,S,S,R,
icu_A,icu_A-00303,Blood,Staphylococcus aureus,2025-05-12,S,S,S,S,S,S,S,,,,S,S,S,S,
icu_A,icu_A-00304,Blood,Staphylococcus aureus,2025-02-03,R,R,R,R,R,R,R,,,,S,S,S,R,
icu_A,icu_A-00305,Blood,Staphylococcus aureus,2025-02-23,S,S,S,S,S,S,S,,,,S,S,S,S,
icu_A,icu_A-00306,Blood,Staphylococcus aureus,2025-08-10,S,S,S,S,S,S,S,,,,S,S,S,S,
icu_A,icu_A-00307,Blood,Staphylococcus aureus,2025-01-31,S,S,S,S,S,S,S,,,,S,S,S,S,
icu_A,icu_A-00307,Blood,Staphylococcus aureus,2025-02-03,R,R,R,R,R,R,R,,,,S,S,S,R,
icu_A,icu_A-00308,Blood,Staphylococcus aureus,2025-03-13,R,R,R,R,R,R,R,,,,S,S,S,R,
icu_A,icu_A-00308,Blood,Staphylococcus aureus,2025-03-16,R,R,R,R,R,R,R,,,,S,S,S,R,
icu_A,icu_A-00309,Blood,Staphylococcus aureus,2025-02-09,R,R,R,R,R,R,R,,,,S,S,S,R,
icu_A,icu_A-00310,Blood,Staphylococcus aureus,2025-03-19,R,R,R,R,R,R,R,,,,S,S,S,R,
icu_A,icu_A-00311,Blood,Enterococcus spp.,2025-10-06,R,R,R,R,R,R,R,,,,S,S,S,,R
icu_A,icu_A-00312,Blood,Enterococcus spp.,2025-12-30,S,R,S,R,R,S,R,,,,S,S,S,,S
icu_A,icu_A-00313,Blood,Enterococcus spp.,2025-02-19,R,R,R,R,R,R,R,,,,S,S,S,,R
icu_A,icu_A-00314,Blood,Enterococcus spp.,2025-10-18,R,R,R,R,R,R,R,,,,S,S,S,,R
icu_A,icu_A-00315,Blood,Enterococcus spp.,2025-08-17,R,R,R,R,R,R,R,,,,S,S,S,,R
icu_A,icu_A-00316,Blood,Enterococcus spp.,2025-09-23,R,R,R,R,R,R,R,,,,S,S,S,,R
icu_A,icu_A-00317,Blood,Enterococcus spp.,2025-12-12,R,R,R,R,R,R,R,,,,S,S,S,,R
icu_A,icu_A-00318,Blood,Enterococcus spp.,2025-05-03,S,R,S,R,R,S,R,,,,S,S,S,,S
icu_A,icu_A-00319,Blood,Enterococcus spp.,2025-06-25,S,R,S,R,R,S,R,,,,S,S,S,,S
icu_A,icu_A-00320,Blood,Enterococcus spp.,2025-06-27,R,R,R,R,R,R,R,,,,S,S,S,,R
icu_A,icu_A-00321,Blood,Enterococcus spp.,2025-08-04,S,R,S,R,R,S,R,,,,S,S,S,,S
icu_A,icu_A-00322,Blood,Enterococcus spp.,2025-04-24,S,R,S,R,R,S,R,,,,S,S,S,,S
icu_A,icu_A-00323,Blood,Enterococcus spp.,2025-12-29,S,R,S,R,R,S,R,,,,S,S,S,,S
icu_A,icu_A-00324,Blood,Enterococcus spp.,2025-08-24,R,R,R,R,R,R,R,,,,S,S,S,,R
icu_A,icu_A-00325,Blood,Enterococcus spp.,2025-05-09,R,R,R,R,R,R,R,,,,S,S,S,,R
icu_A,icu_A-00326,Blood,Enterococcus spp.,2025-01-12,S,R,S,R,R,S,R,,,,S,S,S,,S
icu_A,icu_A-00327,Blood,Enterococcus spp.,2025-03-02,S,R,S,R,R,S,R,,,,S,S,S,,S
icu_A,icu_A-00328,Blood,Enterococcus spp.,2025-03-25,R,R,R,R,R,R,R,,,,S,S,S,,R
icu_A,icu_A-00329,Blood,Enterococcus spp.,2025-02-05,R,R,R,R,R,R,R,,,,S,S,S,,R
icu_A,icu_A-00330,Blood,Enterococcus spp.,2025-09-23,S,R,S,R,R,S,R,,,,S,S,S,,S
icu_A,icu_A-00331,Blood,Enterococcus spp.,2025-11-09,R,R,R,R,R,R,R,,,,R,R,S,,R
icu_A,icu_A-00332,Blood,Enterococcus spp.,2025-12-02,R,R,R,R,R,R,R,,,,S,S,S,,R
icu_A,icu_A-00333,Blood,Enterococcus spp.,2025-05-11,R,R,R,R,R,R,R,,,,R,R,S,,R
icu_A,icu_A-00334,Blood,Enterococcus spp.,2025-02-11,R,R,R,R,R,R,R,,,,S,S,S,,R
icu_A,icu_A-00335,Blood,Enterococcus spp.,2025-04-25,R,R,R,R,R,R,R,,,,S,S,S,,R
icu_A,icu_A-00336,Blood,Enterococcus spp.,2025-05-14,R,R,R,R,R,R,R,,,,S,S,S,,R
icu_A,icu_A-00337,Blood,Enterococcus spp.,2025-10-26,R,R,R,R,R,R,R,,,,S,S,S,,R
icu_A,icu_A-00337,Blood,Enterococcus spp.,2025-10-29,R,R,R,R,R,R,R,,,,S,S,S,,R
icu_A,icu_A-00338,Blood,Enterococcus spp.,2025-06-09,S,R,S,R,R,S,R,,,,S,S,S,,S
icu_A,icu_A-00339,Blood,Enterococcus spp.,2025-02-02,S,R,S,R,R,S,R,,,,S,S,S,,S
icu_A,icu_A-00340,Blood,Enterococcus spp.,2025-12-06,S,R,S,R,R,S,R,,,,S,S,S,,S
icu_A,icu_A-00341,Blood,Salmonella Typhi,2025-06-16,R,S,S,S,S,S,S,,,,,,,,
icu_A,icu_A-00342,Blood,Salmonella Typhi,2025-01-03,S,S,S,S,S,S,S,,,,,,,,
icu_A,icu_A-00343,Blood,Salmonella Typhi,2025-09-29,S,S,S,S,S,S,S,,,,,,,,
icu_A,icu_A-00344,Blood,Salmonella Typhi,2025-08-28,S,S,S,S,S,S,S,,,,,,,,
icu_A,icu_A-00345,Blood,Salmonella Typhi,2025-09-22,S,S,S,S,S,S,S,,,,,,,,
icu_A,icu_A-00345,Blood,Salmonella Typhi,2025-09-25,S,S,S,R,S,S,S,,,,,,,,
icu_A,icu_A-00346,Blood,Salmonella Typhi,2025-04-20,S,S,S,S,S,S,S,,,,,,,,
icu_A,icu_A-00347,Blood,Salmonella Typhi,2025-11-17,S,S,S,S,S,S,S,,,,,,,,
icu_A,icu_A-00348,Blood,Salmonella Typhi,2025-12-24,S,S,S,S,S,S,S,,,,,,,,
icu_A,icu_A-00348,Blood,Salmonella Typhi,2025-12-27,R,S,S,S,S,S,S,,,,,,,,
icu_A,icu_A-00349,Blood,Salmonella Typhi,2025-06-16,R,S,S,S,S,S,S,,,,,,,,
icu_A,icu_A-00350,Blood,Salmonella Typhi,2025-03-27,S,S,S,S,S,S,S,,,,,,,,
icu_A,icu_A-00351,Blood,Salmonella Typhi,2025-10-13,S,S,S,S,S,S,S,,,,,,,,
icu_A,icu_A-00352,Blood,Salmonella Typhi,2025-04-21,S,S,S,S,S,S,S,,,,,,,,
icu_A,icu_A-00353,Blood,Salmonella Typhi,2025-03-16,S,S,S,S,S,S,S,,,,,,,,
icu_A,icu_A-00354,Blood,Salmonella Typhi,2025-02-19,S,S,S,S,S,S,S,,,,,,,,
icu_A,icu_A-00355,Blood,Salmonella Typhi,2025-05-11,S,S,S,S,S,S,S,,,,,,,,
icu_A,icu_A-00355,Blood,Salmonella Typhi,2025-05-14,S,S,S,S,S,S,S,,,,,,,,
icu_A,icu_A-00356,Blood,Salmonella Typhi,2025-05-05,S,S,R,S,S,S,S,,,,,,,,
icu_A,icu_A-00356,Blood,Salmonella Typhi,2025-05-08,S,S,S,S,S,S,S,,,,,,,,
icu_A,icu_A-00357,Blood,Salmonella Typhi,2025-11-24,S,S,S,S,S,S,S,,,,,,,,
icu_A,icu_A-00358,Blood,Salmonella Typhi,2025-12-27,S,S,S,S,S,S,S,,,,,,,,
icu_A,icu_A-00359,Blood,Salmonella Typhi,2025-10-19,S,S,S,S,S,S,S,,,,,,,,
icu_A,icu_A-00360,Blood,Salmonella Typhi,2025-02-05,S,S,S,S,S,S,S,,,,,,,,
icu_A,icu_A-00361,Blood,Salmonella Typhi,2025-11-13,S,S,S,S,S,S,S,,,,,,,,
icu_A,icu_A-00362,Blood,Salmonella Typhi,2025-10-16,S,R,S,S,S,S,S,,,,,,,,
icu_A,icu_A-00363,Blood,Salmonella Typhi,2025-02-27,S,S,S,S,S,S,S,,,,,,,,
icu_A,icu_A-00363,Blood,Salmonella Typhi,2025-03-02,S,S,S,S,S,S,S,,,,,,,,
icu_A,icu_A-00364,Blood,Salmonella Typhi,2025-06-23,S,S,S,S,S,S,S,,,,,,,,
icu_A,icu_A-00365,Blood,Salmonella Typhi,2025-06-03,S,S,S,S,S,S,S,,,,,,,,
icu_A,icu_A-00366,Resp-CAP,Streptococcus pneumoniae,2025-03-25,R,S,R,S,S,S,S,,,,S,S,S,,
icu_A,icu_A-00367,Resp-CAP,Streptococcus pneumoniae,2025-03-14,R,S,R,S,S,S,S,,,,S,S,S,,
icu_A,icu_A-00368,Resp-CAP,Streptococcus pneumoniae,2025-07-08,S,S,S,S,S,S,S,,,,S,S,S,,
icu_A,icu_A-00369,Resp-CAP,Streptococcus pneumoniae,2025-03-15,S,S,S,S,S,S,S,,,,S,S,S,,
icu_A,icu_A-00369,Resp-CAP,Streptococcus pneumoniae,2025-03-18,S,S,S,S,S,S,S,,,,S,S,S,,
icu_A,icu_A-00370,Resp-CAP,Streptococcus pneumoniae,2025-01-06,S,S,S,S,S,S,R,,,,S,S,S,,
icu_A,icu_A-00370,Resp-CAP,Streptococcus pneumoniae,2025-01-09,S,S,S,S,S,S,S,,,,S,S,S,,
icu_A,icu_A-00371,Resp-CAP,Streptococcus pneumoniae,2025-03-28,S,S,S,S,S,S,S,,,,S,S,S,,
icu_A,icu_A-00372,Resp-CAP,Streptococcus pneumoniae,2025-09-26,S,S,S,R,S,S,S,,,,S,S,S,,
icu_A,icu_A-00372,Resp-CAP,Streptococcus pneumoniae,2025-09-29,S,S,S,S,S,S,S,,,,S,S,S,,
icu_A,icu_A-00373,Resp-CAP,Streptococcus pneumoniae,2025-09-12,S,S,S,S,S,S,S,,,,S,S,S,,
icu_A,icu_A-00374,Resp-CAP,Streptococcus pneumoniae,2025-06-05,S,S,S,S,S,S,S,,,,S,S,S,,
icu_A,icu_A-00374,Resp-CAP,Streptococcus pneumoniae,2025-06-08,R,S,R,S,S,S,S,,,,S,S,S,,
icu_A,icu_A-00375,Resp-CAP,Streptococcus pneumoniae,2025-09-12,S,S,S,S,S,S,S,,,,S,S,S,,
icu_A,icu_A-00376,Resp-CAP,Streptococcus pneumoniae,2025-05-17,R,S,R,S,S,S,R,,,,S,S,S,,
icu_A,icu_A-00377,Resp-CAP,Streptococcus pneumoniae,2025-11-27,S,S,S,S,S,S,S,,,,S,S,S,,
icu_A,icu_A-00378,Resp-CAP,Streptococcus pneumoniae,2025-02-16,S,S,S,S,S,S,S,,,,S,S,S,,
icu_A,icu_A-00379,Resp-CAP,Streptococcus pneumoniae,2025-08-31,S,S,S,R,S,S,S,,,,S,S,S,,
icu_A,icu_A-00380,Resp-CAP,Streptococcus pneumoniae,2025-03-23,S,S,S,S,S,S,S,,,,S,S,S,,
icu_A,icu_A-00381,Resp-CAP,Streptococcus pneumoniae,2025-02-16,S,S,S,S,S,S,S,,,,S,S,S,,
icu_A,icu_A-00382,Resp-CAP,Streptococcus pneumoniae,2025-01-21,S,S,S,S,S,S,S,,,,S,S,S,,
icu_A,icu_A-00383,Resp-CAP,Streptococcus pneumoniae,2025-06-08,R,S,R,S,S,S,S,,,,S,S,S,,
icu_A,icu_A-00384,Resp-CAP,Streptococcus pneumoniae,2025-03-12,S,S,S,S,S,S,S,,,,S,S,S,,
icu_A,icu_A-00385,Resp-CAP,Streptococcus pneumoniae,2025-10-28,S,S,S,S,S,S,S,,,,S,S,S,,
icu_A,icu_A-00386,Resp-CAP,Streptococcus pneumoniae,2025-01-17,S,S,S,S,S,S,S,,,,S,S,S,,
icu_A,icu_A-00387,Resp-CAP,Streptococcus pneumoniae,2025-08-29,S,S,S,S,S,S,S,,,,S,S,S,,
icu_A,icu_A-00387,Resp-CAP,Streptococcus pneumoniae,2025-09-01,S,S,S,S,S,S,S,,,,S,S,S,,
icu_A,icu_A-00388,Resp-CAP,Streptococcus pneumoniae,2025-04-16,S,S,S,S,S,S,S,,,,S,S,S,,
icu_A,icu_A-00389,Resp-CAP,Streptococcus pneumoniae,2025-07-25,S,S,S,S,S,S,S,,,,S,S,S,,
icu_A,icu_A-00390,Resp-CAP,Streptococcus pneumoniae,2025-04-29,S,S,S,S,S,S,S,,,,S,S,S,,
icu_A,icu_A-00391,Resp-CAP,Streptococcus pneumoniae,2025-06-23,S,S,S,S,S,S,S,,,,S,S,S,,
icu_A,icu_A-00392,Resp-CAP,Streptococcus pneumoniae,2025-01-26,S,S,S,S,S,S,S,,,,S,S,S,,
icu_A,icu_A-00392,Resp-CAP,Streptococcus pneumoniae,2025-01-29,S,S,S,S,S,S,S,,,,S,S,S,,
icu_A,icu_A-00393,Resp-CAP,Streptococcus pneumoniae,2025-08-18,S,S,S,S,S,S,S,,,,S,S,S,,
icu_A,icu_A-00394,Resp-CAP,Streptococcus pneumoniae,2025-03-18,S,S,S,S,S,S,S,,,,S,S,S,,
icu_A,icu_A-00395,Resp-CAP,Streptococcus pneumoniae,2025-12-18,S,S,S,S,S,S,S,,,,S,S,S,,
icu_A,icu_A-00396,Resp-CAP,Streptococcus pneumoniae,2025-10-21,S,S,S,S,S,S,S,,,,S,S,S,,
icu_A,icu_A-00397,Resp-CAP,Streptococcus pneumoniae,2025-11-18,S,S,S,S,S,S,S,,,,S,S,S,,
icu_A,icu_A-00398,Resp-CAP,Streptococcus pneumoniae,2025-01-30,S,S,S,S,S,S,S,,,,S,S,S,,
icu_A,icu_A-00399,Resp-CAP,Streptococcus pneumoniae,2025-04-04,S,S,S,R,S,S,S,,,,S,S,S,,
icu_A,icu_A-00400,Resp-CAP,Streptococcus pneumoniae,2025-12-17,S,S,S,S,S,S,S,,,,S,S,S,,
icu_A,icu_A-00401,Resp-CAP,Streptococcus pneumoniae,2025-01-23,S,S,S,S,S,S,S,,,,S,S,S,,
icu_A,icu_A-00402,Resp-CAP,Streptococcus pneumoniae,2025-07-29,S,S,S,S,S,S,S,,,,S,S,S,,
icu_A,icu_A-00403,Resp-CAP,Streptococcus pneumoniae,2025-05-15,S,S,S,S,S,S,S,,,,S,S,S,,
icu_A,icu_A-00403,Resp-CAP,Streptococcus pneumoniae,2025-05-18,S,S,S,S,S,S,S,,,,S,S,S,,
icu_A,icu_A-00404,Resp-CAP,Streptococcus pneumoniae,2025-11-29,S,S,S,S,S,S,S,,,,S,S,S,,
icu_A,icu_A-00405,Resp-CAP,Streptococcus pneumoniae,2025-02-16,S,S,S,S,S,S,S,,,,S,S,S,,
icu_A,icu_A-00406,Resp-CAP,Haemophilus influenzae,2025-07-23,S,S,S,S,S,S,S,,,,,,,,
icu_A,icu_A-00407,Resp-CAP,Haemophilus influenzae,2025-02-09,S,S,S,S,S,S,S,,,,,,,,
icu_A,icu_A-00408,Resp-CAP,Haemophilus influenzae,2025-04-12,S,S,S,S,S,S,S,,,,,,,,
icu_A,icu_A-00409,Resp-CAP,Haemophilus influenzae,2025-10-07,S,S,S,S,S,S,S,,,,,,,,
icu_A,icu_A-00410,Resp-CAP,Haemophilus influenzae,2025-01-31,S,S,S,S,S,S,S,,,,,,,,
icu_A,icu_A-00411,Resp-CAP,Haemophilus influenzae,2025-02-14,S,S,R,S,S,S,S,,,,,,,,
icu_A,icu_A-00412,Resp-CAP,Haemophilus influenzae,2025-03-27,S,S,S,S,S,S,S,,,,,,,,
icu_A,icu_A-00413,Resp-CAP,Haemophilus influenzae,2025-10-01,S,S,S,S,S,S,S,,,,,,,,
icu_A,icu_A-00414,Resp-CAP,Haemophilus influenzae,2025-11-16,S,S,S,S,S,S,S,,,,,,,,
icu_A,icu_A-00415,Resp-CAP,Haemophilus influenzae,2025-06-11,S,S,S,S,S,S,S,,,,,,,,
icu_A,icu_A-00416,Resp-CAP,Haemophilus influenzae,2025-02-24,R,S,S,S,S,S,S,,,,,,,,
icu_A,icu_A-00417,Resp-CAP,Haemophilus influenzae,2025-08-14,S,S,S,S,S,S,S,,,,,,,,
icu_A,icu_A-00418,Resp-CAP,Haemophilus influenzae,2025-04-28,S,S,S,S,S,S,S,,,,,,,,
icu_A,icu_A-00419,Resp-CAP,Haemophilus influenzae,2025-04-25,S,S,S,S,S,S,S,,,,,,,,
icu_A,icu_A-00420,Resp-CAP,Haemophilus influenzae,2025-07-03,S,S,S,R,S,S,S,,,,,,,,
icu_A,icu_A-00421,Resp-CAP,Haemophilus influenzae,2025-03-11,S,S,S,S,S,S,S,,,,,,,,
icu_A,icu_A-00422,Resp-CAP,Haemophilus influenzae,2025-02-22,S,S,S,S,S,S,S,,,,,,,,
icu_A,icu_A-00423,Resp-CAP,Haemophilus influenzae,2025-12-07,R,S,S,S,S,S,S,,,,,,,,
icu_A,icu_A-00423,Resp-CAP,Haemophilus influenzae,2025-12-10,S,S,S,S,S,S,S,,,,,,,,
icu_A,icu_A-00424,Resp-CAP,Haemophilus influenzae,2025-05-19,S,S,S,S,S,S,S,,,,,,,,
icu_A,icu_A-00424,Resp-CAP,Haemophilus influenzae,2025-05-22,S,S,R,S,S,S,S,,,,,,,,
icu_A,icu_A-00425,Resp-CAP,Haemophilus influenzae,2025-03-01,S,S,S,S,S,S,S,,,,,,,,
icu_A,icu_A-00426,Resp-CAP,Haemophilus influenzae,2025-06-08,S,S,S,S,S,S,S,,,,,,,,
icu_A,icu_A-00427,Resp-CAP,Haemophilus influenzae,2025-11-06,S,S,S,S,S,S,S,,,,,,,,
icu_A,icu_A-00428,Resp-CAP,Haemophilus influenzae,2025-11-22,S,S,S,S,S,S,S,,,,,,,,
icu_A,icu_A-00429,Resp-CAP,Haemophilus influenzae,2025-09-20,S,S,S,S,S,S,S,,,,,,,,
icu_A,icu_A-00430,Resp-CAP,Haemophilus influenzae,2025-08-24,S,S,S,R,S,S,S,,,,,,,,
icu_A,icu_A-00431,Resp-CAP,Klebsiella pneumoniae,2025-07-11,R,S,S,R,S,S,S,S,S,S,,,,,R
icu_A,icu_A-00432,Resp-CAP,Klebsiella pneumoniae,2025-08-05,R,R,R,R,R,R,R,R,S,S,,,,,R
icu_A,icu_A-00432,Resp-CAP,Klebsiella pneumoniae,2025-08-08,R,R,R,R,R,R,R,S,S,S,,,,,R
icu_A,icu_A-00433,Resp-CAP,Klebsiella pneumoniae,2025-05-23,S,S,R,S,S,S,S,S,S,S,,,,,R
icu_A,icu_A-00434,Resp-CAP,Klebsiella pneumoniae,2025-07-08,R,R,R,R,R,R,R,R,S,S,,,,,R
icu_A,icu_A-00435,Resp-CAP,Klebsiella pneumoniae,2025-06-18,R,R,R,R,R,R,R,R,S,S,,,,,R
icu_A,icu_A-00436,Resp-CAP,Klebsiella pneumoniae,2025-03-17,R,R,R,R,R,R,R,S,S,S,,,,,R
icu_A,icu_A-00437,Resp-CAP,Klebsiella pneumoniae,2025-06-21,R,R,R,R,R,R,R,R,S,S,,,,,R
icu_A,icu_A-00438,Resp-CAP,Klebsiella pneumoniae,2025-09-08,R,R,R,R,R,R,R,S,S,S,,,,,R
icu_A,icu_A-00439,Resp-CAP,Klebsiella pneumoniae,2025-04-21,R,R,R,S,S,S,S,S,S,S,,,,,R
icu_A,icu_A-00440,Resp-CAP,Klebsiella pneumoniae,2025-08-20,R,R,S,S,S,S,S,S,S,S,,,,,R
icu_A,icu_A-00441,Resp-CAP,Klebsiella pneumoniae,2025-07-31,S,S,S,S,S,S,S,S,S,S,,,,,R
icu_A,icu_A-00442,Resp-CAP,Klebsiella pneumoniae,2025-02-13,R,R,R,R,R,R,R,R,S,S,,,,,R
icu_A,icu_A-00443,Resp-CAP,Klebsiella pneumoniae,2025-01-07,S,S,S,S,S,S,S,S,S,S,,,,,R
icu_A,icu_A-00444,Resp-CAP,Klebsiella pneumoniae,2025-09-09,R,R,R,R,R,R,R,R,S,S,,,,,R
icu_A,icu_A-00444,Resp-CAP,Klebsiella pneumoniae,2025-09-12,S,S,S,S,S,S,S,S,S,S,,,,,R
icu_A,icu_A-00445,Resp-CAP,Klebsiella pneumoniae,2025-11-23,R,R,R,S,S,S,S,S,S,S,,,,,R
icu_A,icu_A-00446,Resp-CAP,Klebsiella pneumoniae,2025-06-21,R,R,R,R,R,R,R,R,S,S,,,,,R
icu_A,icu_A-00447,Resp-CAP,Klebsiella pneumoniae,2025-03-11,R,R,R,R,R,R,R,R,S,S,,,,,R
icu_A,icu_A-00448,Resp-CAP,Klebsiella pneumoniae,2025-12-12,R,R,R,S,S,S,S,S,S,S,,,,,R
icu_A,icu_A-00448,Resp-CAP,Klebsiella pneumoniae,2025-12-15,R,R,R,S,S,S,S,R,S,S,,,,,R
icu_A,icu_A-00449,Resp-CAP,Klebsiella pneumoniae,2025-10-07,R,R,R,R,R,R,R,R,S,S,,,,,R
icu_A,icu_A-00450,Resp-CAP,Klebsiella pneumoniae,2025-03-11,R,R,R,R,R,R,R,R,S,S,,,,,R
icu_A,icu_A-00451,Resp-CAP,Klebsiella pneumoniae,2025-02-15,S,S,S,S,S,S,S,S,S,S,,,,,R
icu_A,icu_A-00452,Resp-CAP,Klebsiella pneumoniae,2025-10-31,R,R,S,S,S,S,S,S,S,S,,,,,R
icu_A,icu_A-00453,Resp-CAP,Klebsiella pneumoniae,2025-01-09,R,R,S,S,S,S,S,S,S,S,,,,,R
icu_A,icu_A-00454,Resp-CAP,Klebsiella pneumoniae,2025-03-28,R,R,R,R,R,R,R,R,S,S,,,,,R
icu_A,icu_A-00455,Resp-CAP,Klebsiella pneumoniae,2025-11-01,R,R,R,R,R,R,R,R,S,S,,,,,R
icu_A,icu_A-00456,Resp-CAP,Staphylococcus aureus,2025-06-02,S,S,S,S,S,S,S,,,,S,S,S,S,
icu_A,icu_A-00457,Resp-CAP,Staphylococcus aureus,2025-05-16,S,S,S,S,S,S,S,,,,S,S,S,S,
icu_A,icu_A-00458,Resp-CAP,Staphylococcus aureus,2025-06-21,S,S,S,S,S,S,S,,,,S,S,S,S,
icu_A,icu_A-00459,Resp-CAP,Staphylococcus aureus,2025-10-05,R,R,R,R,R,R,R,,,,S,S,S,R,
icu_A,icu_A-00459,Resp-CAP,Staphylococcus aureus,2025-10-08,R,R,R,R,R,R,R,,,,S,S,S,R,
icu_A,icu_A-00460,Resp-CAP,Staphylococcus aureus,2025-11-13,S,S,S,S,S,S,S,,,,S,S,S,S,
icu_A,icu_A-00461,Resp-CAP,Staphylococcus aureus,2025-03-25,S,S,S,S,S,S,S,,,,S,S,S,S,
icu_A,icu_A-00462,Resp-CAP,Staphylococcus aureus,2025-09-16,R,R,R,R,R,R,R,,,,S,S,S,R,
icu_A,icu_A-00463,Resp-CAP,Staphylococcus aureus,2025-10-09,R,R,R,R,R,R,R,,,,S,S,S,R,
icu_A,icu_A-00464,Resp-CAP,Staphylococcus aureus,2025-03-01,S,S,S,S,S,S,S,,,,S,S,S,S,
icu_A,icu_A-00465,Resp-CAP,Staphylococcus aureus,2025-04-27,R,R,R,R,R,R,R,,,,S,S,S,R,
icu_A,icu_A-00466,Resp-CAP,Staphylococcus aureus,2025-02-26,S,S,S,S,S,S,S,,,,S,S,S,S,
icu_A,icu_A-00467,Resp-CAP,Staphylococcus aureus,2025-11-09,R,R,R,R,R,R,R,,,,S,S,S,R,
icu_A,icu_A-00468,Resp-CAP,Staphylococcus aureus,2025-11-06,R,R,R,R,R,R,R,,,,S,S,S,R,
icu_A,icu_A-00469,Resp-CAP,Staphylococcus aureus,2025-10-10,R,R,R,R,R,R,R,,,,S,S,S,R,
icu_A,icu_A-00470,Resp-CAP,Staphylococcus aureus,2025-02-02,R,R,R,R,R,R,R,,,,S,S,S,R,
icu_A,icu_A-00471,Resp-CAP,Staphylococcus aureus,2025-07-06,R,R,R,R,R,R,R,,,,S,S,S,R,
icu_A,icu_A-00472,Resp-CAP,Staphylococcus aureus,2025-11-28,S,S,S,S,S,S,S,,,,S,S,S,S,
icu_A,icu_A-00472,Resp-CAP,Staphylococcus aureus,2025-12-01,R,R,R,R,R,R,R,,,,S,S,S,R,
icu_A,icu_A-00473,Resp-CAP,Staphylococcus aureus,2025-03-25,R,R,R,R,R,R,R,,,,S,S,S,R,
icu_A,icu_A-00474,Resp-CAP,Staphylococcus aureus,2025-07-04,R,R,R,R,R,R,R,,,,S,S,S,R,
icu_A,icu_A-00475,Resp-CAP,Staphylococcus aureus,2025-04-16,S,S,S,S,S,S,S,,,,S,S,S,S,
icu_A,icu_A-00476,Resp-CAP,Pseudomonas aeruginosa,2025-08-18,R,R,S,R,R,S,S,S,S,S,,,,,R
icu_A,icu_A-00477,Resp-CAP,Pseudomonas aeruginosa,2025-10-18,R,R,S,R,R,S,S,R,S,S,,,,,R
icu_A,icu_A-00478,Resp-CAP,Pseudomonas aeruginosa,2025-09-20,R,R,S,S,R,S,S,R,S,S,,,,,R
icu_A,icu_A-00479,Resp-CAP,Pseudomonas aeruginosa,2025-05-15,R,R,R,R,R,R,R,R,S,S,,,,,R
icu_A,icu_A-00480,Resp-CAP,Pseudomonas aeruginosa,2025-10-01,R,R,R,R,R,R,R,R,S,S,,,,,R
icu_A,icu_A-00481,Resp-CAP,Pseudomonas aeruginosa,2025-01-19,R,R,R,S,R,S,S,S,S,S,,,,,R
icu_A,icu_A-00482,Resp-CAP,Pseudomonas aeruginosa,2025-05-03,R,R,R,R,R,R,R,S,S,S,,,,,R
icu_A,icu_A-00483,Resp-CAP,Pseudomonas aeruginosa,2025-02-01,R,R,R,R,R,R,R,S,S,S,,,,,R
icu_A,icu_A-00484,Resp-CAP,Pseudomonas aeruginosa,2025-05-21,R,R,R,S,R,S,S,R,S,S,,,,,R
icu_A,icu_A-00485,Resp-CAP,Pseudomonas aeruginosa,2025-09-27,R,R,S,R,R,S,S,S,S,S,,,,,R
icu_A,icu_A-00486,Resp-VAP,Klebsiella pneumoniae,2025-09-13,R,R,R,R,R,R,R,S,S,S,,,,,R
icu_A,icu_A-00486,Resp-VAP,Klebsiella pneumoniae,2025-09-16,S,S,S,S,S,S,S,R,S,S,,,,,R
icu_A,icu_A-00487,Resp-VAP,Klebsiella pneumoniae,2025-05-25,S,S,R,S,S,S,S,S,S,S,,,,,R
icu_A,icu_A-00488,Resp-VAP,Klebsiella pneumoniae,2025-05-30,R,R,R,S,S,S,S,S,S,S,,,,,R
icu_A,icu_A-00488,Resp-VAP,Klebsiella pneumoniae,2025-06-02,R,R,R,R,R,R,R,R,S,S,,,,,R
icu_A,icu_A-00489,Resp-VAP,Klebsiella pneumoniae,2025-08-07,R,R,R,R,R,R,R,R,S,S,,,,,R
icu_A,icu_A-00490,Resp-VAP,Klebsiella pneumoniae,2025-02-14,R,R,S,R,S,S,S,S,S,S,,,,,R
icu_A,icu_A-00491,Resp-VAP,Klebsiella pneumoniae,2025-01-26,R,R,R,R,R,R,R,R,S,S,,,,,R
icu_A,icu_A-00492,Resp-VAP,Klebsiella pneumoniae,2025-04-29,R,R,R,R,R,R,R,S,S,S,,,,,R
icu_A,icu_A-00493,Resp-VAP,Klebsiella pneumoniae,2025-07-11,R,R,R,R,R,R,R,S,S,S,,,,,R
icu_A,icu_A-00494,Resp-VAP,Klebsiella pneumoniae,2025-02-01,R,R,R,R,R,R,R,R,S,S,,,,,R
icu_A,icu_A-00495,Resp-VAP,Klebsiella pneumoniae,2025-01-04,S,S,S,S,S,S,S,S,S,S,,,,,R
icu_A,icu_A-00496,Resp-VAP,Klebsiella pneumoniae,2025-06-30,R,R,S,S,S,S,S,S,S,S,,,,,R
icu_A,icu_A-00497,Resp-VAP,Klebsiella pneumoniae,2025-04-25,R,R,R,R,R,R,R,R,S,S,,,,,R
icu_A,icu_A-00498,Resp-VAP,Klebsiella pneumoniae,2025-06-19,S,S,S,S,S,S,S,R,S,S,,,,,R
icu_A,icu_A-00499,Resp-VAP,Klebsiella pneumoniae,2025-10-28,S,S,S,S,S,S,S,S,S,S,,,,,R
icu_A,icu_A-00500,Resp-VAP,Klebsiella pneumoniae,2025-08-05,S,S,S,S,S,S,S,S,S,S,,,,,R
icu_A,icu_A-00501,Resp-VAP,Klebsiella pneumoniae,2025-11-05,R,R,S,S,S,S,S,R,S,S,,,,,R
icu_A,icu_A-00502,Resp-VAP,Klebsiella pneumoniae,2025-05-21,S,S,S,S,S,S,S,S,S,S,,,,,R
icu_A,icu_A-00502,Resp-VAP,Klebsiella pneumoniae,2025-05-24,S,S,R,S,S,S,S,R,S,S,,,,,R
icu_A,icu_A-00503,Resp-VAP,Klebsiella pneumoniae,2025-10-16,R,R,R,S,S,S,S,S,S,S,,,,,R
icu_A,icu_A-00504,Resp-VAP,Klebsiella pneumoniae,2025-01-22,R,R,R,R,R,R,R,R,S,S,,,,,R
icu_A,icu_A-00505,Resp-VAP,Klebsiella pneumoniae,2025-02-16,R,R,R,S,S,S,S,R,S,S,,,,,R
icu_A,icu_A-00506,Resp-VAP,Klebsiella pneumoniae,2025-05-02,R,R,R,R,R,R,R,R,S,S,,,,,R
icu_A,icu_A-00507,Resp-VAP,Klebsiella pneumoniae,2025-09-26,S,S,R,S,S,S,S,S,S,S,,,,,R
icu_A,icu_A-00508,Resp-VAP,Klebsiella pneumoniae,2025-05-09,S,S,R,S,S,S,S,S,S,S,,,,,R
icu_A,icu_A-00509,Resp-VAP,Klebsiella pneumoniae,2025-09-03,R,R,S,R,S,S,S,R,S,S,,,,,R
icu_A,icu_A-00510,Resp-VAP,Klebsiella pneumoniae,2025-06-01,R,R,R,R,R,R,R,R,S,S,,,,,R
icu_A,icu_A-00511,Resp-VAP,Klebsiella pneumoniae,2025-04-21,R,R,R,R,R,R,R,R,S,S,,,,,R
icu_A,icu_A-00512,Resp-VAP,Klebsiella pneumoniae,2025-07-03,R,R,R,R,R,R,R,R,S,S,,,,,R
icu_A,icu_A-00513,Resp-VAP,Klebsiella pneumoniae,2025-09-20,R,R,S,R,S,S,S,S,R,R,,,,,R
icu_A,icu_A-00514,Resp-VAP,Klebsiella pneumoniae,2025-04-25,R,S,S,S,S,S,S,S,S,S,,,,,R
icu_A,icu_A-00515,Resp-VAP,Klebsiella pneumoniae,2025-01-22,R,R,R,R,R,R,R,R,S,S,,,,,R
icu_A,icu_A-00516,Resp-VAP,Klebsiella pneumoniae,2025-01-23,R,R,S,S,S,S,S,S,S,S,,,,,R
icu_A,icu_A-00517,Resp-VAP,Klebsiella pneumoniae,2025-10-05,R,R,R,R,R,R,R,R,S,S,,,,,R
icu_A,icu_A-00518,Resp-VAP,Klebsiella pneumoniae,2025-04-25,S,S,S,S,S,S,S,S,S,S,,,,,R
icu_A,icu_A-00519,Resp-VAP,Klebsiella pneumoniae,2025-05-26,R,R,R,R,R,R,R,R,S,S,,,,,R
icu_A,icu_A-00520,Resp-VAP,Klebsiella pneumoniae,2025-01-04,R,R,S,R,S,S,S,S,S,S,,,,,R
icu_A,icu_A-00521,Resp-VAP,Klebsiella pneumoniae,2025-11-24,R,R,R,R,R,R,R,R,S,S,,,,,R
icu_A,icu_A-00521,Resp-VAP,Klebsiella pneumoniae,2025-11-27,R,S,S,S,S,S,S,S,S,S,,,,,R
icu_A,icu_A-00522,Resp-VAP,Klebsiella pneumoniae,2025-09-30,S,S,S,S,S,S,S,S,S,S,,,,,R
icu_A,icu_A-00522,Resp-VAP,Klebsiella pneumoniae,2025-10-03,R,R,R,R,R,R,R,R,S,S,,,,,R
icu_A,icu_A-00523,Resp-VAP,Klebsiella pneumoniae,2025-09-22,R,R,R,R,R,R,R,R,R,R,,,,,R
icu_A,icu_A-00523,Resp-VAP,Klebsiella pneumoniae,2025-09-25,S,S,S,S,S,S,S,R,S,S,,,,,R
icu_A,icu_A-00524,Resp-VAP,Klebsiella pneumoniae,2025-09-10,R,R,R,R,R,R,R,R,S,S,,,,,R
icu_A,icu_A-00525,Resp-VAP,Klebsiella pneumoniae,2025-11-08,S,S,S,S,S,S,S,S,S,S,,,,,R
icu_A,icu_A-00526,Resp-VAP,Klebsiella pneumoniae,2025-03-07,S,S,S,S,S,S,S,S,S,S,,,,,R
icu_A,icu_A-00526,Resp-VAP,Klebsiella pneumoniae,2025-03-10,R,R,R,R,R,R,R,S,S,S,,,,,R
icu_A,icu_A-00527,Resp-VAP,Klebsiella pneumoniae,2025-09-23,R,R,R,R,R,R,R,S,S,S,,,,,R
icu_A,icu_A-00528,Resp-VAP,Klebsiella pneumoniae,2025-01-11,R,R,R,R,R,R,R,R,S,S,,,,,R
icu_A,icu_A-00528,Resp-VAP,Klebsiella pneumoniae,2025-01-14,R,R,R,R,R,R,R,R,S,S,,,,,R
icu_A,icu_A-00529,Resp-VAP,Klebsiella pneumoniae,2025-06-26,R,R,R,R,R,R,R,S,S,S,,,,,R
icu_A,icu_A-00530,Resp-VAP,Klebsiella pneumoniae,2025-05-30,R,R,R,R,R,R,R,R,S,S,,,,,R
icu_A,icu_A-00531,Resp-VAP,Klebsiella pneumoniae,2025-11-18,R,R,R,R,R,R,R,R,S,S,,,,,R
icu_A,icu_A-00532,Resp-VAP,Klebsiella pneumoniae,2025-09-26,R,R,R,R,R,R,R,R,S,S,,,,,R
icu_A,icu_A-00533,Resp-VAP,Klebsiella pneumoniae,2025-01-23,S,S,S,S,S,S,S,R,S,S,,,,,R
icu_A,icu_A-00533,Resp-VAP,Klebsiella pneumoniae,2025-01-26,S,S,S,S,S,S,S,S,S,S,,,,,R
icu_A,icu_A-00534,Resp-VAP,Klebsiella pneumoniae,2025-08-18,S,S,R,S,S,S,S,R,S,S,,,,,R
icu_A,icu_A-00535,Resp-VAP,Klebsiella pneumoniae,2025-03-08,R,R,R,R,R,R,R,S,S,S,,,,,R
icu_A,icu_A-00536,Resp-VAP,Klebsiella pneumoniae,2025-09-18,S,S,S,R,S,S,S,S,R,R,,,,,R
icu_A,icu_A-00537,Resp-VAP,Klebsiella pneumoniae,2025-04-13,R,R,R,R,R,R,R,R,S,S,,,,,R
icu_A,icu_A-00538,Resp-VAP,Klebsiella pneumoniae,2025-04-17,R,R,R,R,R,R,R,R,S,S,,,,,R
icu_A,icu_A-00539,Resp-VAP,Klebsiella pneumoniae,2025-12-18,R,R,R,R,R,R,R,R,S,S,,,,,R
icu_A,icu_A-00540,Resp-VAP,Klebsiella pneumoniae,2025-12-23,S,S,S,S,S,S,S,R,S,S,,,,,R
icu_A,icu_A-00541,Resp-VAP,Klebsiella pneumoniae,2025-10-14,S,S,S,S,S,S,S,R,R,R,,,,,R
icu_A,icu_A-00542,Resp-VAP,Klebsiella pneumoniae,2025-11-30,R,R,R,R,R,R,R,R,S,S,,,,,R
icu_A,icu_A-00543,Resp-VAP,Klebsiella pneumoniae,2025-09-19,S,S,S,S,S,S,S,S,S,S,,,,,R
icu_A,icu_A-00544,Resp-VAP,Klebsiella pneumoniae,2025-11-16,R,R,R,R,S,S,S,R,S,S,,,,,R
icu_A,icu_A-00545,Resp-VAP,Klebsiella pneumoniae,2025-02-04,R,R,R,S,S,S,S,S,R,R,,,,,R
icu_A,icu_A-00546,Resp-VAP,Klebsiella pneumoniae,2025-03-20,R,R,R,R,R,R,R,S,S,S,,,,,R
icu_A,icu_A-00547,Resp-VAP,Klebsiella pneumoniae,2025-12-17,R,R,S,S,S,S,S,R,S,S,,,,,R
icu_A,icu_A-00548,Resp-VAP,Klebsiella pneumoniae,2025-07-01,R,R,R,R,R,R,R,S,S,S,,,,,R
icu_A,icu_A-00548,Resp-VAP,Klebsiella pneumoniae,2025-07-04,R,R,R,R,R,R,R,S,S,S,,,,,R
icu_A,icu_A-00549,Resp-VAP,Klebsiella pneumoniae,2025-06-25,S,S,S,S,S,S,S,S,S,S,,,,,R
icu_A,icu_A-00550,Resp-VAP,Klebsiella pneumoniae,2025-08-14,S,S,S,S,S,S,S,S,S,S,,,,,R
icu_A,icu_A-00550,Resp-VAP,Klebsiella pneumoniae,2025-08-17,R,R,R,R,R,R,R,R,R,R,,,,,R
icu_A,icu_A-00551,Resp-VAP,Klebsiella pneumoniae,2025-01-31,R,R,R,R,R,R,R,R,S,S,,,,,R
icu_A,icu_A-00552,Resp-VAP,Klebsiella pneumoniae,2025-03-11,R,R,R,R,R,R,R,S,S,S,,,,,R
icu_A,icu_A-00553,Resp-VAP,Klebsiella pneumoniae,2025-11-18,R,R,R,R,R,R,R,R,S,S,,,,,R
icu_A,icu_A-00554,Resp-VAP,Klebsiella pneumoniae,2025-12-15,R,R,R,R,R,R,R,S,S,S,,,,,R
icu_A,icu_A-00555,Resp-VAP,Klebsiella pneumoniae,2025-07-21,R,S,S,S,S,S,S,S,S,S,,,,,R
icu_A,icu_A-00556,Resp-VAP,Klebsiella pneumoniae,2025-01-02,R,R,R,R,R,R,R,R,S,S,,,,,R
icu_A,icu_A-00557,Resp-VAP,Klebsiella pneumoniae,2025-01-12,R,R,R,R,R,R,R,S,S,S,,,,,R
icu_A,icu_A-00558,Resp-VAP,Klebsiella pneumoniae,2025-04-15,R,R,R,R,R,R,R,R,S,S,,,,,R
icu_A,icu_A-00559,Resp-VAP,Klebsiella pneumoniae,2025-12-09,R,R,R,R,R,R,R,R,S,S,,,,,R
icu_A,icu_A-00559,Resp-VAP,Klebsiella pneumoniae,2025-12-12,R,R,R,R,R,R,R,R,S,S,,,,,R
icu_A,icu_A-00560,Resp-VAP,Klebsiella pneumoniae,2025-07-01,R,R,R,R,R,R,R,R,S,S,,,,,R
icu_A,icu_A-00561,Resp-VAP,Klebsiella pneumoniae,2025-03-02,R,R,R,R,R,R,R,R,S,S,,,,,R
icu_A,icu_A-00562,Resp-VAP,Klebsiella pneumoniae,2025-10-16,R,R,R,R,R,R,R,R,S,S,,,,,R
icu_A,icu_A-00562,Resp-VAP,Klebsiella pneumoniae,2025-10-19,R,R,R,R,R,R,R,S,S,S,,,,,R
icu_A,icu_A-00563,Resp-VAP,Klebsiella pneumoniae,2025-01-28,S,S,S,S,S,S,S,S,S,S,,,,,R
icu_A,icu_A-00564,Resp-VAP,Klebsiella pneumoniae,2025-11-24,S,S,S,S,S,S,S,S,S,S,,,,,R
icu_A,icu_A-00565,Resp-VAP,Klebsiella pneumoniae,2025-01-14,R,R,R,R,R,R,R,R,S,S,,,,,R
icu_A,icu_A-00565,Resp-VAP,Klebsiella pneumoniae,2025-01-17,R,R,R,R,R,R,R,R,S,S,,,,,R
icu_A,icu_A-00566,Resp-VAP,Klebsiella pneumoniae,2025-02-11,R,R,R,R,R,R,R,R,R,R,,,,,R
icu_A,icu_A-00567,Resp-VAP,Klebsiella pneumoniae,2025-10-20,R,S,S,S,S,S,S,S,S,S,,,,,R
icu_A,icu_A-00567,Resp-VAP,Klebsiella pneumoniae,2025-10-23,R,R,S,R,S,S,S,S,S,S,,,,,R
icu_A,icu_A-00568,Resp-VAP,Klebsiella pneumoniae,2025-04-20,S,S,R,S,S,S,S,S,S,S,,,,,R
icu_A,icu_A-00569,Resp-VAP,Klebsiella pneumoniae,2025-07-31,R,R,R,R,R,R,R,R,S,S,,,,,R
icu_A,icu_A-00570,Resp-VAP,Klebsiella pneumoniae,2025-09-15,R,S,S,S,S,S,S,S,S,S,,,,,R
icu_A,icu_A-00571,Resp-VAP,Klebsiella pneumoniae,2025-06-04,R,R,R,R,R,R,R,S,S,S,,,,,R
icu_A,icu_A-00572,Resp-VAP,Klebsiella pneumoniae,2025-08-20,S,S,R,S,S,S,S,R,S,S,,,,,R
icu_A,icu_A-00572,Resp-VAP,Klebsiella pneumoniae,2025-08-23,R,R,R,R,R,R,R,R,S,S,,,,,R
icu_A,icu_A-00573,Resp-VAP,Klebsiella pneumoniae,2025-12-28,R,R,R,S,S,S,S,S,S,S,,,,,R
icu_A,icu_A-00574,Resp-VAP,Klebsiella pneumoniae,2025-06-10,S,S,S,S,S,S,S,S,S,S,,,,,R
icu_A,icu_A-00575,Resp-VAP,Klebsiella pneumoniae,2025-07-04,S,S,S,S,S,S,S,S,S,S,,,,,R
icu_A,icu_A-00576,Resp-VAP,Acinetobacter baumannii,2025-03-11,R,R,R,R,R,R,R,R,S,S,,,,,R
icu_A,icu_A-00577,Resp-VAP,Acinetobacter baumannii,2025-08-10,R,R,R,R,R,R,R,R,S,S,,,,,R
icu_A,icu_A-00578,Resp-VAP,Acinetobacter baumannii,2025-10-07,R,R,R,R,R,R,R,R,S,S,,,,,R
icu_A,icu_A-00579,Resp-VAP,Acinetobacter baumannii,2025-10-17,R,R,R,R,R,R,R,R,S,S,,,,,R
icu_A,icu_A-00580,Resp-VAP,Acinetobacter baumannii,2025-11-30,R,R,R,S,R,R,R,R,S,S,,,,,R
icu_A,icu_A-00580,Resp-VAP,Acinetobacter baumannii,2025-12-03,R,R,R,R,R,R,R,R,S,S,,,,,R
icu_A,icu_A-00581,Resp-VAP,Acinetobacter baumannii,2025-10-21,R,R,R,S,R,R,R,S,S,S,,,,,R
icu_A,icu_A-00582,Resp-VAP,Acinetobacter baumannii,2025-03-22,R,R,R,R,R,R,R,S,S,S,,,,,R
icu_A,icu_A-00583,Resp-VAP,Acinetobacter baumannii,2025-05-07,R,R,R,S,R,R,R,R,S,S,,,,,R
icu_A,icu_A-00584,Resp-VAP,Acinetobacter baumannii,2025-10-09,R,R,R,S,R,R,R,S,S,S,,,,,R
icu_A,icu_A-00585,Resp-VAP,Acinetobacter baumannii,2025-02-06,R,R,R,R,R,R,R,R,S,S,,,,,R
icu_A,icu_A-00586,Resp-VAP,Acinetobacter baumannii,2025-02-15,R,R,R,R,R,R,R,S,S,S,,,,,R
icu_A,icu_A-00587,Resp-VAP,Acinetobacter baumannii,2025-01-19,R,R,R,R,R,R,R,S,S,S,,,,,R
icu_A,icu_A-00588,Resp-VAP,Acinetobacter baumannii,2025-02-08,R,R,R,R,R,R,R,R,S,S,,,,,R
icu_A,icu_A-00589,Resp-VAP,Acinetobacter baumannii,2025-02-11,R,R,R,R,R,R,R,R,S,S,,,,,R
icu_A,icu_A-00589,Resp-VAP,Acinetobacter baumannii,2025-02-14,R,R,R,R,R,R,R,R,S,S,,,,,R
icu_A,icu_A-00590,Resp-VAP,Acinetobacter baumannii,2025-04-19,R,R,R,R,R,R,R,S,S,S,,,,,R
icu_A,icu_A-00591,Resp-VAP,Acinetobacter baumannii,2025-12-06,R,R,R,S,R,R,R,R,S,S,,,,,R
icu_A,icu_A-00592,Resp-VAP,Acinetobacter baumannii,2025-04-19,R,R,R,S,R,R,R,R,S,S,,,,,R
icu_A,icu_A-00593,Resp-VAP,Acinetobacter baumannii,2025-07-28,R,R,R,S,R,R,R,R,S,S,,,,,R
icu_A,icu_A-00594,Resp-VAP,Acinetobacter baumannii,2025-08-28,R,R,R,R,R,R,R,S,S,S,,,,,R
icu_A,icu_A-00595,Resp-VAP,Acinetobacter baumannii,2025-04-13,R,R,R,R,R,R,R,S,S,S,,,,,R
icu_A,icu_A-00596,Resp-VAP,Acinetobacter baumannii,2025-09-25,R,R,R,R,R,R,R,R,S,S,,,,,R
icu_A,icu_A-00597,Resp-VAP,Acinetobacter baumannii,2025-02-05,R,R,R,R,R,R,R,S,S,S,,,,,R
icu_A,icu_A-00598,Resp-VAP,Acinetobacter baumannii,2025-09-02,R,R,R,S,R,R,R,S,S,S,,,,,R
icu_A,icu_A-00599,Resp-VAP,Acinetobacter baumannii,2025-07-14,R,R,R,S,R,R,R,R,S,S,,,,,R
icu_A,icu_A-00600,Resp-VAP,Acinetobacter baumannii,2025-04-29,R,R,R,S,R,R,R,R,S,S,,,,,R
icu_A,icu_A-00601,Resp-VAP,Acinetobacter baumannii,2025-08-31,R,R,R,S,R,S,S,R,S,S,,,,,R
icu_A,icu_A-00602,Resp-VAP,Acinetobacter baumannii,2025-11-09,R,R,R,R,R,R,R,S,S,S,,,,,R
icu_A,icu_A-00603,Resp-VAP,Acinetobacter baumannii,2025-12-12,R,R,R,R,R,R,R,S,S,S,,,,,R
icu_A,icu_A-00604,Resp-VAP,Acinetobacter baumannii,2025-10-11,R,R,R,R,R,R,R,S,S,S,,,,,R
icu_A,icu_A-00605,Resp-VAP,Acinetobacter baumannii,2025-09-08,R,R,R,R,R,R,R,R,S,S,,,,,R
icu_A,icu_A-00605,Resp-VAP,Acinetobacter baumannii,2025-09-11,R,R,R,S,R,R,R,R,S,S,,,,,R
icu_A,icu_A-00606,Resp-VAP,Acinetobacter baumannii,2025-03-23,R,R,R,R,R,R,R,S,S,S,,,,,R
icu_A,icu_A-00607,Resp-VAP,Acinetobacter baumannii,2025-10-02,R,R,R,R,R,R,R,R,S,S,,,,,R
icu_A,icu_A-00608,Resp-VAP,Acinetobacter baumannii,2025-02-24,R,R,R,R,R,R,R,R,S,S,,,,,R
icu_A,icu_A-00609,Resp-VAP,Acinetobacter baumannii,2025-04-01,R,R,R,R,R,R,R,R,S,S,,,,,R
icu_A,icu_A-00609,Resp-VAP,Acinetobacter baumannii,2025-04-04,R,R,S,S,R,S,S,S,S,S,,,,,R
icu_A,icu_A-00610,Resp-VAP,Acinetobacter baumannii,2025-01-12,R,R,R,S,R,S,S,R,S,S,,,,,R
icu_A,icu_A-00610,Resp-VAP,Acinetobacter baumannii,2025-01-15,R,R,R,R,R,R,R,R,S,S,,,,,R
icu_A,icu_A-00611,Resp-VAP,Acinetobacter baumannii,2025-06-24,R,R,S,S,R,S,S,S,S,S,,,,,R
icu_A,icu_A-00612,Resp-VAP,Acinetobacter baumannii,2025-11-08,R,R,R,R,R,R,R,R,S,S,,,,,R
icu_A,icu_A-00613,Resp-VAP,Acinetobacter baumannii,2025-11-15,R,R,R,R,R,R,R,R,S,S,,,,,R
icu_A,icu_A-00614,Resp-VAP,Acinetobacter baumannii,2025-09-27,R,R,R,S,R,R,R,S,S,S,,,,,R
icu_A,icu_A-00615,Resp-VAP,Acinetobacter baumannii,2025-08-15,R,R,R,R,R,R,R,R,S,S,,,,,R
icu_A,icu_A-00615,Resp-VAP,Acinetobacter baumannii,2025-08-18,R,R,S,S,R,S,S,S,S,S,,,,,R
icu_A,icu_A-00616,Resp-VAP,Acinetobacter baumannii,2025-09-02,R,R,R,S,R,S,S,R,S,S,,,,,R
icu_A,icu_A-00617,Resp-VAP,Acinetobacter baumannii,2025-06-07,R,R,R,R,R,R,R,R,S,S,,,,,R
icu_A,icu_A-00618,Resp-VAP,Acinetobacter baumannii,2025-09-03,R,R,R,R,R,R,R,S,S,S,,,,,R
icu_A,icu_A-00619,Resp-VAP,Acinetobacter baumannii,2025-01-12,R,R,R,R,R,R,R,R,S,S,,,,,R
icu_A,icu_A-00620,Resp-VAP,Acinetobacter baumannii,2025-04-29,R,R,R,R,R,R,R,R,S,S,,,,,R
icu_A,icu_A-00620,Resp-VAP,Acinetobacter baumannii,2025-05-02,R,R,R,S,R,R,R,R,S,S,,,,,R
icu_A,icu_A-00621,Resp-VAP,Acinetobacter baumannii,2025-01-06,R,R,R,S,R,R,R,R,S,S,,,,,R
icu_A,icu_A-00622,Resp-VAP,Acinetobacter baumannii,2025-12-10,R,R,R,R,R,R,R,R,R,R,,,,,R
icu_A,icu_A-00623,Resp-VAP,Acinetobacter baumannii,2025-07-27,R,R,S,S,R,S,S,R,S,S,,,,,R
icu_A,icu_A-00624,Resp-VAP,Acinetobacter baumannii,2025-11-23,R,R,R,R,R,R,R,R,S,S,,,,,R
icu_A,icu_A-00625,Resp-VAP,Acinetobacter baumannii,2025-04-01,R,R,R,S,R,S,S,R,S,S,,,,,R
icu_A,icu_A-00626,Resp-VAP,Acinetobacter baumannii,2025-07-12,R,R,R,R,R,R,R,S,S,S,,,,,R
icu_A,icu_A-00627,Resp-VAP,Acinetobacter baumannii,2025-04-24,R,R,R,R,R,R,R,S,S,S,,,,,R
icu_A,icu_A-00628,Resp-VAP,Acinetobacter baumannii,2025-10-08,R,R,R,R,R,R,R,R,S,S,,,,,R
icu_A,icu_A-00629,Resp-VAP,Acinetobacter baumannii,2025-02-08,R,R,R,R,R,R,R,R,S,S,,,,,R
icu_A,icu_A-00629,Resp-VAP,Acinetobacter baumannii,2025-02-11,R,R,R,R,R,R,R,R,S,S,,,,,R
icu_A,icu_A-00630,Resp-VAP,Acinetobacter baumannii,2025-10-21,R,R,R,R,R,R,R,R,S,S,,,,,R
icu_A,icu_A-00631,Resp-VAP,Acinetobacter baumannii,2025-01-21,R,R,R,S,R,R,R,R,S,S,,,,,R
icu_A,icu_A-00632,Resp-VAP,Acinetobacter baumannii,2025-07-22,R,R,R,R,R,R,R,S,S,S,,,,,R
icu_A,icu_A-00633,Resp-VAP,Acinetobacter baumannii,2025-10-08,R,R,R,R,R,R,R,R,R,R,,,,,R
icu_A,icu_A-00633,Resp-VAP,Acinetobacter baumannii,2025-10-11,R,R,R,R,R,R,R,R,S,S,,,,,R
icu_A,icu_A-00634,Resp-VAP,Acinetobacter baumannii,2025-03-05,R,R,R,S,R,S,S,S,S,S,,,,,R
icu_A,icu_A-00635,Resp-VAP,Acinetobacter baumannii,2025-11-22,R,R,R,R,R,R,R,R,S,S,,,,,R
icu_A,icu_A-00635,Resp-VAP,Acinetobacter baumannii,2025-11-25,R,R,R,R,R,R,R,S,S,S,,,,,R
icu_A,icu_A-00636,Resp-VAP,Acinetobacter baumannii,2025-05-09,R,R,R,R,R,R,R,R,S,S,,,,,R
icu_A,icu_A-00637,Resp-VAP,Acinetobacter baumannii,2025-10-20,R,R,R,R,R,R,R,R,S,S,,,,,R
icu_A,icu_A-00638,Resp-VAP,Acinetobacter baumannii,2025-01-22,R,R,R,R,R,R,R,R,S,S,,,,,R
icu_A,icu_A-00639,Resp-VAP,Acinetobacter baumannii,2025-12-27,R,R,R,R,R,R,R,R,S,S,,,,,R
icu_A,icu_A-00640,Resp-VAP,Acinetobacter baumannii,2025-06-01,R,R,R,R,R,R,R,R,S,S,,,,,R
icu_A,icu_A-00641,Resp-VAP,Acinetobacter baumannii,2025-03-05,R,R,R,R,R,R,R,R,S,S,,,,,R
icu_A,icu_A-00642,Resp-VAP,Acinetobacter baumannii,2025-12-20,R,R,R,R,R,R,R,R,S,S,,,,,R
icu_A,icu_A-00643,Resp-VAP,Acinetobacter baumannii,2025-05-27,R,R,R,R,R,R,R,R,S,S,,,,,R
icu_A,icu_A-00644,Resp-VAP,Acinetobacter baumannii,2025-01-20,R,R,R,S,R,R,R,R,S,S,,,,,R
icu_A,icu_A-00645,Resp-VAP,Acinetobacter baumannii,2025-03-03,R,R,R,R,R,R,R,R,S,S,,,,,R
icu_A,icu_A-00646,Resp-VAP,Acinetobacter baumannii,2025-12-30,R,R,R,R,R,R,R,R,S,S,,,,,R
icu_A,icu_A-00647,Resp-VAP,Acinetobacter baumannii,2025-08-10,R,R,R,R,R,R,R,R,S,S,,,,,R
icu_A,icu_A-00648,Resp-VAP,Acinetobacter baumannii,2025-01-07,R,R,R,S,R,R,R,R,R,R,,,,,R
icu_A,icu_A-00649,Resp-VAP,Acinetobacter baumannii,2025-05-30,R,R,R,R,R,R,R,R,S,S,,,,,R
icu_A,icu_A-00650,Resp-VAP,Acinetobacter baumannii,2025-10-16,R,R,R,R,R,R,R,S,R,R,,,,,R
icu_A,icu_A-00651,Resp-VAP,Acinetobacter baumannii,2025-05-17,R,R,S,S,R,S,S,R,S,S,,,,,R
icu_A,icu_A-00652,Resp-VAP,Acinetobacter baumannii,2025-07-24,R,R,R,S,R,R,R,R,S,S,,,,,R
icu_A,icu_A-00653,Resp-VAP,Acinetobacter baumannii,2025-11-17,R,R,R,R,R,R,R,R,S,S,,,,,R
icu_A,icu_A-00654,Resp-VAP,Acinetobacter baumannii,2025-05-10,R,R,R,R,R,R,R,R,S,S,,,,,R
icu_A,icu_A-00655,Resp-VAP,Acinetobacter baumannii,2025-10-31,R,R,R,S,R,R,R,R,S,S,,,,,R
icu_A,icu_A-00655,Resp-VAP,Acinetobacter baumannii,2025-11-03,R,R,R,R,R,R,R,R,S,S,,,,,R
icu_A,icu_A-00656,Resp-VAP,Acinetobacter baumannii,2025-12-08,R,R,R,S,R,R,R,R,S,S,,,,,R
icu_A,icu_A-00657,Resp-VAP,Acinetobacter baumannii,2025-02-14,R,R,R,R,R,R,R,R,S,S,,,,,R
icu_A,icu_A-00658,Resp-VAP,Acinetobacter baumannii,2025-07-26,R,R,S,S,R,S,S,R,S,S,,,,,R
icu_A,icu_A-00659,Resp-VAP,Acinetobacter baumannii,2025-06-30,R,R,R,R,R,R,R,S,R,R,,,,,R
icu_A,icu_A-00660,Resp-VAP,Acinetobacter baumannii,2025-08-01,R,R,R,R,R,R,R,R,S,S,,,,,R
icu_A,icu_A-00661,Resp-VAP,Acinetobacter baumannii,2025-10-17,R,R,R,S,R,R,R,R,S,S,,,,,R
icu_A,icu_A-00662,Resp-VAP,Acinetobacter baumannii,2025-11-09,R,R,R,S,R,R,R,R,S,S,,,,,R
icu_A,icu_A-00663,Resp-VAP,Acinetobacter baumannii,2025-08-16,R,R,R,R,R,R,R,R,S,S,,,,,R
icu_A,icu_A-00664,Resp-VAP,Acinetobacter baumannii,2025-07-14,R,R,R,R,R,R,R,R,S,S,,,,,R
icu_A,icu_A-00665,Resp-VAP,Acinetobacter baumannii,2025-08-11,R,R,R,R,R,R,R,R,S,S,,,,,R
icu_A,icu_A-00665,Resp-VAP,Acinetobacter baumannii,2025-08-14,R,R,R,R,R,R,R,R,S,S,,,,,R
icu_A,icu_A-00666,Resp-VAP,Acinetobacter baumannii,2025-10-08,R,R,S,S,R,S,S,S,S,S,,,,,R
icu_A,icu_A-00667,Resp-VAP,Acinetobacter baumannii,2025-09-02,R,R,R,R,R,R,R,R,S,S,,,,,R
icu_A,icu_A-00668,Resp-VAP,Acinetobacter baumannii,2025-06-08,R,R,R,S,R,R,R,R,S,S,,,,,R
icu_A,icu_A-00669,Resp-VAP,Acinetobacter baumannii,2025-04-03,R,R,R,S,R,R,R,R,S,S,,,,,R
icu_A,icu_A-00670,Resp-VAP,Acinetobacter baumannii,2025-12-20,R,R,S,S,R,S,S,R,R,R,,,,,R
icu_A,icu_A-00671,Resp-VAP,Acinetobacter baumannii,2025-09-27,R,R,R,R,R,R,R,R,S,S,,,,,R
icu_A,icu_A-00672,Resp-VAP,Acinetobacter baumannii,2025-11-28,R,R,S,S,R,S,S,R,S,S,,,,,R
icu_A,icu_A-00672,Resp-VAP,Acinetobacter baumannii,2025-12-01,R,R,R,R,R,R,R,R,S,S,,,,,R
icu_A,icu_A-00673,Resp-VAP,Acinetobacter baumannii,2025-06-03,R,R,R,S,R,R,R,S,S,S,,,,,R
icu_A,icu_A-00673,Resp-VAP,Acinetobacter baumannii,2025-06-06,R,R,R,R,R,R,R,R,S,S,,,,,R
icu_A,icu_A-00674,Resp-VAP,Acinetobacter baumannii,2025-03-23,R,R,R,R,R,R,R,R,S,S,,,,,R
icu_A,icu_A-00675,Resp-VAP,Acinetobacter baumannii,2025-04-02,R,R,S,S,R,S,S,S,S,S,,,,,R
icu_A,icu_A-00676,Resp-VAP,Acinetobacter baumannii,2025-12-26,R,R,R,R,R,R,R,R,S,S,,,,,R
icu_A,icu_A-00677,Resp-VAP,Acinetobacter baumannii,2025-02-19,R,R,R,R,R,R,R,R,S,S,,,,,R
icu_A,icu_A-00678,Resp-VAP,Acinetobacter baumannii,2025-12-11,R,R,R,R,R,R,R,R,S,S,,,,,R
icu_A,icu_A-00679,Resp-VAP,Acinetobacter baumannii,2025-03-31,R,R,R,R,R,R,R,R,S,S,,,,,R
icu_A,icu_A-00680,Resp-VAP,Acinetobacter baumannii,2025-05-09,R,R,R,R,R,R,R,R,S,S,,,,,R
icu_A,icu_A-00681,Resp-VAP,Acinetobacter baumannii,2025-06-13,R,R,R,S,R,R,R,R,S,S,,,,,R
icu_A,icu_A-00682,Resp-VAP,Acinetobacter baumannii,2025-05-25,R,R,R,S,R,R,R,R,S,S,,,,,R
icu_A,icu_A-00683,Resp-VAP,Acinetobacter baumannii,2025-11-29,R,R,R,R,R,R,R,S,S,S,,,,,R
icu_A,icu_A-00684,Resp-VAP,Acinetobacter baumannii,2025-12-20,R,R,S,S,R,S,S,S,S,S,,,,,R
icu_A,icu_A-00685,Resp-VAP,Acinetobacter baumannii,2025-02-04,R,R,R,S,R,R,R,R,S,S,,,,,R
icu_A,icu_A-00686,Resp-VAP,Pseudomonas aeruginosa,2025-12-28,R,R,R,R,R,R,R,S,S,S,,,,,R
icu_A,icu_A-00686,Resp-VAP,Pseudomonas aeruginosa,2025-12-31,R,R,R,R,R,S,S,S,S,S,,,,,R
icu_A,icu_A-00687,Resp-VAP,Pseudomonas aeruginosa,2025-08-22,R,R,S,S,R,S,S,S,S,S,,,,,R
icu_A,icu_A-00688,Resp-VAP,Pseudomonas aeruginosa,2025-07-21,R,R,S,S,R,S,S,S,S,S,,,,,R
icu_A,icu_A-00688,Resp-VAP,Pseudomonas aeruginosa,2025-07-24,R,R,S,R,R,R,R,R,S,S,,,,,R
icu_A,icu_A-00689,Resp-VAP,Pseudomonas aeruginosa,2025-01-03,R,R,S,R,R,S,S,S,S,S,,,,,R
icu_A,icu_A-00690,Resp-VAP,Pseudomonas aeruginosa,2025-01-23,R,R,S,S,R,S,S,S,R,R,,,,,R
icu_A,icu_A-00691,Resp-VAP,Pseudomonas aeruginosa,2025-11-25,R,R,S,S,R,S,S,R,S,S,,,,,R
icu_A,icu_A-00692,Resp-VAP,Pseudomonas aeruginosa,2025-08-18,R,R,S,S,R,S,S,S,S,S,,,,,R
icu_A,icu_A-00693,Resp-VAP,Pseudomonas aeruginosa,2025-08-31,R,R,S,S,R,S,S,S,S,S,,,,,R
icu_A,icu_A-00694,Resp-VAP,Pseudomonas aeruginosa,2025-03-20,R,R,S,R,R,R,R,R,S,S,,,,,R
icu_A,icu_A-00695,Resp-VAP,Pseudomonas aeruginosa,2025-07-19,R,R,S,R,R,S,S,S,S,S,,,,,R
icu_A,icu_A-00696,Resp-VAP,Pseudomonas aeruginosa,2025-06-24,R,R,R,R,R,R,R,R,S,S,,,,,R
icu_A,icu_A-00697,Resp-VAP,Pseudomonas aeruginosa,2025-06-11,R,R,R,R,R,S,S,S,S,S,,,,,R
icu_A,icu_A-00698,Resp-VAP,Pseudomonas aeruginosa,2025-07-25,R,R,R,R,R,S,S,S,S,S,,,,,R
icu_A,icu_A-00699,Resp-VAP,Pseudomonas aeruginosa,2025-05-09,R,R,S,R,R,R,R,S,S,S,,,,,R
icu_A,icu_A-00699,Resp-VAP,Pseudomonas aeruginosa,2025-05-12,R,R,R,S,R,R,R,S,S,S,,,,,R
icu_A,icu_A-00700,Resp-VAP,Pseudomonas aeruginosa,2025-04-25,R,R,S,S,R,S,S,S,S,S,,,,,R
icu_A,icu_A-00701,Resp-VAP,Pseudomonas aeruginosa,2025-07-19,R,R,S,S,R,S,S,R,S,S,,,,,R
icu_A,icu_A-00702,Resp-VAP,Pseudomonas aeruginosa,2025-10-11,R,R,R,R,R,R,R,R,S,S,,,,,R
icu_A,icu_A-00703,Resp-VAP,Pseudomonas aeruginosa,2025-06-02,R,R,S,S,R,S,S,S,S,S,,,,,R
icu_A,icu_A-00704,Resp-VAP,Pseudomonas aeruginosa,2025-01-08,R,R,S,R,R,R,R,S,S,S,,,,,R
icu_A,icu_A-00704,Resp-VAP,Pseudomonas aeruginosa,2025-01-11,R,R,R,R,R,R,R,S,S,S,,,,,R
icu_A,icu_A-00705,Resp-VAP,Pseudomonas aeruginosa,2025-11-28,R,R,S,S,R,S,S,S,S,S,,,,,R
icu_A,icu_A-00706,Resp-VAP,Pseudomonas aeruginosa,2025-12-24,R,R,S,R,R,S,S,R,S,S,,,,,R
icu_A,icu_A-00707,Resp-VAP,Pseudomonas aeruginosa,2025-12-03,R,R,S,R,R,R,R,S,S,S,,,,,R
icu_A,icu_A-00708,Resp-VAP,Pseudomonas aeruginosa,2025-11-17,R,R,S,S,R,S,S,S,S,S,,,,,R
icu_A,icu_A-00709,Resp-VAP,Pseudomonas aeruginosa,2025-09-25,R,R,R,S,R,R,R,R,S,S,,,,,R
icu_A,icu_A-00710,Resp-VAP,Pseudomonas aeruginosa,2025-10-27,R,R,S,S,R,S,S,S,S,S,,,,,R
icu_A,icu_A-00711,Resp-VAP,Pseudomonas aeruginosa,2025-07-05,R,R,S,S,R,S,S,S,S,S,,,,,R
icu_A,icu_A-00712,Resp-VAP,Pseudomonas aeruginosa,2025-10-09,R,R,S,S,R,S,S,S,S,S,,,,,R
icu_A,icu_A-00713,Resp-VAP,Pseudomonas aeruginosa,2025-08-11,R,R,S,S,R,S,S,S,S,S,,,,,R
icu_A,icu_A-00714,Resp-VAP,Pseudomonas aeruginosa,2025-11-13,R,R,S,R,R,R,R,R,S,S,,,,,R
icu_A,icu_A-00715,Resp-VAP,Pseudomonas aeruginosa,2025-02-13,R,R,S,S,R,S,S,S,S,S,,,,,R
icu_A,icu_A-00716,Resp-VAP,Pseudomonas aeruginosa,2025-05-06,R,R,R,R,R,R,R,S,S,S,,,,,R
icu_A,icu_A-00717,Resp-VAP,Pseudomonas aeruginosa,2025-04-10,R,R,R,R,R,R,R,R,S,S,,,,,R
icu_A,icu_A-00718,Resp-VAP,Pseudomonas aeruginosa,2025-09-10,R,R,R,S,R,S,S,R,S,S,,,,,R
icu_A,icu_A-00719,Resp-VAP,Pseudomonas aeruginosa,2025-10-18,R,R,S,S,R,S,S,S,S,S,,,,,R
icu_A,icu_A-00720,Resp-VAP,Pseudomonas aeruginosa,2025-05-25,R,R,R,R,R,R,R,R,S,S,,,,,R
icu_A,icu_A-00721,Resp-VAP,Pseudomonas aeruginosa,2025-02-04,R,R,S,S,R,S,S,S,S,S,,,,,R
icu_A,icu_A-00722,Resp-VAP,Pseudomonas aeruginosa,2025-02-18,R,R,S,R,R,S,S,R,S,S,,,,,R
icu_A,icu_A-00723,Resp-VAP,Pseudomonas aeruginosa,2025-05-22,R,R,S,R,R,S,S,R,S,S,,,,,R
icu_A,icu_A-00724,Resp-VAP,Pseudomonas aeruginosa,2025-08-13,R,R,S,S,R,S,S,S,S,S,,,,,R
icu_A,icu_A-00724,Resp-VAP,Pseudomonas aeruginosa,2025-08-16,R,R,R,R,R,S,S,S,S,S,,,,,R
icu_A,icu_A-00725,Resp-VAP,Pseudomonas aeruginosa,2025-08-16,R,R,R,R,R,R,R,S,S,S,,,,,R
icu_A,icu_A-00725,Resp-VAP,Pseudomonas aeruginosa,2025-08-19,R,R,S,R,R,S,S,S,S,S,,,,,R
icu_A,icu_A-00726,Resp-VAP,Pseudomonas aeruginosa,2025-12-23,R,R,R,S,R,S,S,S,S,S,,,,,R
icu_A,icu_A-00727,Resp-VAP,Pseudomonas aeruginosa,2025-04-05,R,R,R,R,R,R,R,S,S,S,,,,,R
icu_A,icu_A-00728,Resp-VAP,Pseudomonas aeruginosa,2025-04-09,R,R,R,S,R,R,R,R,S,S,,,,,R
icu_A,icu_A-00729,Resp-VAP,Pseudomonas aeruginosa,2025-09-23,R,R,S,S,R,S,S,S,S,S,,,,,R
icu_A,icu_A-00730,Resp-VAP,Pseudomonas aeruginosa,2025-10-25,R,R,S,S,R,S,S,R,S,S,,,,,R
icu_A,icu_A-00731,Resp-VAP,Pseudomonas aeruginosa,2025-11-08,R,R,R,R,R,R,R,S,S,S,,,,,R
icu_A,icu_A-00732,Resp-VAP,Pseudomonas aeruginosa,2025-05-31,R,R,R,S,R,S,S,R,S,S,,,,,R
icu_A,icu_A-00733,Resp-VAP,Pseudomonas aeruginosa,2025-02-10,R,R,S,R,R,S,S,S,S,S,,,,,R
icu_A,icu_A-00734,Resp-VAP,Pseudomonas aeruginosa,2025-12-09,R,R,R,R,R,R,R,S,S,S,,,,,R
icu_A,icu_A-00735,Resp-VAP,Pseudomonas aeruginosa,2025-05-25,R,R,S,R,R,S,S,S,S,S,,,,,R
icu_A,icu_A-00736,Resp-VAP,Pseudomonas aeruginosa,2025-05-12,R,R,R,R,R,R,R,S,S,S,,,,,R
icu_A,icu_A-00737,Resp-VAP,Pseudomonas aeruginosa,2025-01-30,R,R,S,S,R,S,S,S,S,S,,,,,R
icu_A,icu_A-00738,Resp-VAP,Pseudomonas aeruginosa,2025-03-29,R,R,S,S,R,S,S,R,S,S,,,,,R
icu_A,icu_A-00739,Resp-VAP,Pseudomonas aeruginosa,2025-04-12,R,R,S,S,R,S,S,R,S,S,,,,,R
icu_A,icu_A-00739,Resp-VAP,Pseudomonas aeruginosa,2025-04-15,R,R,S,S,R,R,R,S,S,S,,,,,R
icu_A,icu_A-00740,Resp-VAP,Pseudomonas aeruginosa,2025-10-25,R,R,S,S,R,S,S,S,S,S,,,,,R
icu_A,icu_A-00741,Resp-VAP,Pseudomonas aeruginosa,2025-06-02,R,R,S,S,R,S,S,S,S,S,,,,,R
icu_A,icu_A-00742,Resp-VAP,Pseudomonas aeruginosa,2025-01-20,R,R,S,S,R,S,S,S,S,S,,,,,R
icu_A,icu_A-00743,Resp-VAP,Pseudomonas aeruginosa,2025-09-06,R,R,R,S,R,S,S,R,S,S,,,,,R
icu_A,icu_A-00744,Resp-VAP,Pseudomonas aeruginosa,2025-11-25,R,R,S,S,R,S,S,S,S,S,,,,,R
icu_A,icu_A-00745,Resp-VAP,Pseudomonas aeruginosa,2025-01-23,R,R,R,S,R,S,S,S,S,S,,,,,R
icu_A,icu_A-00745,Resp-VAP,Pseudomonas aeruginosa,2025-01-26,R,R,S,R,R,S,S,R,S,S,,,,,R
icu_A,icu_A-00746,Resp-VAP,Staphylococcus aureus,2025-07-15,S,S,S,S,S,S,S,,,,S,S,S,S,
icu_A,icu_A-00747,Resp-VAP,Staphylococcus aureus,2025-01-09,S,S,S,S,S,S,S,,,,S,S,S,S,
icu_A,icu_A-00748,Resp-VAP,Staphylococcus aureus,2025-01-22,S,S,S,S,S,S,S,,,,S,S,S,S,
icu_A,icu_A-00748,Resp-VAP,Staphylococcus aureus,2025-01-25,S,S,S,S,S,S,S,,,,S,S,S,S,
icu_A,icu_A-00749,Resp-VAP,Staphylococcus aureus,2025-07-04,S,S,S,S,S,S,S,,,,S,S,S,S,
icu_A,icu_A-00750,Resp-VAP,Staphylococcus aureus,2025-03-26,S,S,S,S,S,S,S,,,,S,S,S,S,
icu_A,icu_A-00751,Resp-VAP,Staphylococcus aureus,2025-12-25,R,R,R,R,R,R,R,,,,S,S,S,R,
icu_A,icu_A-00752,Resp-VAP,Staphylococcus aureus,2025-03-23,S,S,S,S,S,S,S,,,,S,S,S,S,
icu_A,icu_A-00752,Resp-VAP,Staphylococcus aureus,2025-03-26,S,S,S,S,S,S,S,,,,S,S,S,S,
icu_A,icu_A-00753,Resp-VAP,Staphylococcus aureus,2025-04-25,R,R,R,R,R,R,R,,,,S,S,S,R,
icu_A,icu_A-00754,Resp-VAP,Staphylococcus aureus,2025-01-17,S,S,S,S,S,S,S,,,,S,S,S,S,
icu_A,icu_A-00755,Resp-VAP,Staphylococcus aureus,2025-03-27,R,R,R,R,R,R,R,,,,S,S,S,R,
icu_A,icu_A-00756,Resp-VAP,Staphylococcus aureus,2025-11-13,S,S,S,S,S,S,S,,,,S,S,S,S,
icu_A,icu_A-00757,Resp-VAP,Staphylococcus aureus,2025-06-27,R,R,R,R,R,R,R,,,,S,S,S,R,
icu_A,icu_A-00758,Resp-VAP,Staphylococcus aureus,2025-05-01,S,S,S,S,S,S,S,,,,S,S,S,S,
icu_A,icu_A-00759,Resp-VAP,Staphylococcus aureus,2025-01-16,S,S,S,S,S,S,S,,,,S,S,S,S,
icu_A,icu_A-00759,Resp-VAP,Staphylococcus aureus,2025-01-19,R,R,R,R,R,R,R,,,,S,S,S,R,
icu_A,icu_A-00760,Resp-VAP,Staphylococcus aureus,2025-04-01,S,S,S,S,S,S,S,,,,S,S,S,S,
icu_A,icu_A-00761,Resp-VAP,Staphylococcus aureus,2025-03-10,S,S,S,S,S,S,S,,,,S,S,S,S,
icu_A,icu_A-00762,Resp-VAP,Staphylococcus aureus,2025-01-26,R,R,R,R,R,R,R,,,,S,S,S,R,
icu_A,icu_A-00763,Resp-VAP,Staphylococcus aureus,2025-01-20,R,R,R,R,R,R,R,,,,S,S,S,R,
icu_A,icu_A-00764,Resp-VAP,Staphylococcus aureus,2025-07-22,R,R,R,R,R,R,R,,,,S,S,S,R,
icu_A,icu_A-00765,Resp-VAP,Staphylococcus aureus,2025-08-21,R,R,R,R,R,R,R,,,,S,S,S,R,
icu_A,icu_A-00766,Resp-VAP,Staphylococcus aureus,2025-08-04,S,S,S,S,S,S,S,,,,S,S,S,S,
icu_A,icu_A-00766,Resp-VAP,Staphylococcus aureus,2025-08-07,S,S,S,S,S,S,S,,,,S,S,S,S,
icu_A,icu_A-00767,Resp-VAP,Staphylococcus aureus,2025-11-05,S,S,S,S,S,S,S,,,,S,S,S,S,
icu_A,icu_A-00768,Resp-VAP,Staphylococcus aureus,2025-11-02,S,S,S,S,S,S,S,,,,S,S,S,S,
icu_A,icu_A-00769,Resp-VAP,Staphylococcus aureus,2025-05-13,S,S,S,S,S,S,S,,,,S,S,S,S,
icu_A,icu_A-00770,Resp-VAP,Staphylococcus aureus,2025-12-08,S,S,S,S,S,S,S,,,,S,S,S,S,
icu_A,icu_A-00771,Resp-VAP,Escherichia coli,2025-02-04,R,R,R,R,R,R,R,S,S,S,,,,,R
icu_A,icu_A-00772,Resp-VAP,Escherichia coli,2025-03-01,R,R,R,R,R,R,R,S,S,S,,,,,R
icu_A,icu_A-00773,Resp-VAP,Escherichia coli,2025-01-03,R,R,R,R,S,S,S,S,S,S,,,,,R
icu_A,icu_A-00774,Resp-VAP,Escherichia coli,2025-11-29,R,R,R,R,R,R,R,R,S,S,,,,,R
icu_A,icu_A-00775,Resp-VAP,Escherichia coli,2025-02-15,R,R,R,R,S,S,S,S,S,S,,,,,R
icu_A,icu_A-00776,Resp-VAP,Escherichia coli,2025-01-23,R,R,R,R,R,R,R,S,S,S,,,,,R
icu_A,icu_A-00776,Resp-VAP,Escherichia coli,2025-01-26,R,R,R,R,R,R,R,S,S,S,,,,,R
icu_A,icu_A-00777,Resp-VAP,Escherichia coli,2025-01-30,R,R,R,R,R,R,R,R,S,S,,,,,R
icu_A,icu_A-00778,Resp-VAP,Escherichia coli,2025-06-26,R,R,S,R,S,S,S,R,S,S,,,,,R
icu_A,icu_A-00779,Resp-VAP,Escherichia coli,2025-08-08,R,R,R,R,R,R,R,R,S,S,,,,,R
icu_A,icu_A-00780,Resp-VAP,Escherichia coli,2025-06-28,S,S,S,S,S,S,S,S,S,S,,,,,R
icu_A,icu_A-00781,Resp-VAP,Escherichia coli,2025-04-15,R,R,S,R,S,S,S,S,S,S,,,,,R
icu_A,icu_A-00782,Resp-VAP,Escherichia coli,2025-12-24,R,R,S,S,S,S,S,S,S,S,,,,,R
icu_A,icu_A-00783,Resp-VAP,Escherichia coli,2025-01-30,R,R,R,R,R,R,R,S,S,S,,,,,R
icu_A,icu_A-00784,Resp-VAP,Escherichia coli,2025-11-21,R,R,R,S,S,S,S,S,R,R,,,,,R
icu_A,icu_A-00785,Resp-VAP,Escherichia coli,2025-04-08,R,R,S,S,S,S,S,S,S,S,,,,,R
icu_A,icu_A-00786,Resp-VAP,Escherichia coli,2025-04-16,R,R,S,S,S,S,S,R,S,S,,,,,R
icu_A,icu_A-00787,Resp-VAP,Escherichia coli,2025-05-14,R,R,R,R,R,R,R,R,S,S,,,,,R
icu_A,icu_A-00788,Resp-VAP,Escherichia coli,2025-03-15,R,R,R,S,S,S,S,R,S,S,,,,,R
icu_A,icu_A-00789,Resp-VAP,Escherichia coli,2025-06-28,R,R,R,R,R,R,R,R,S,S,,,,,R
icu_A,icu_A-00790,Resp-VAP,Escherichia coli,2025-03-03,R,R,S,S,S,S,S,S,S,S,,,,,R
icu_A,icu_A-00791,Peritoneal,Escherichia coli,2025-08-09,S,S,S,S,S,S,S,R,S,S,,,,,R
icu_A,icu_A-00792,Peritoneal,Escherichia coli,2025-03-15,R,R,R,S,S,S,S,S,S,S,,,,,R
icu_A,icu_A-00793,Peritoneal,Escherichia coli,2025-06-25,R,R,R,R,R,R,R,R,S,S,,,,,R
icu_A,icu_A-00794,Peritoneal,Escherichia coli,2025-10-16,R,R,R,S,S,S,S,S,S,S,,,,,R
icu_A,icu_A-00795,Peritoneal,Escherichia coli,2025-09-19,R,R,S,R,S,S,S,R,S,S,,,,,R
icu_A,icu_A-00796,Peritoneal,Escherichia coli,2025-10-22,R,R,R,S,S,S,S,S,S,S,,,,,R
icu_A,icu_A-00796,Peritoneal,Escherichia coli,2025-10-25,R,R,R,R,R,R,R,R,S,S,,,,,R
icu_A,icu_A-00797,Peritoneal,Escherichia coli,2025-04-30,R,S,S,S,S,S,S,S,S,S,,,,,R
icu_A,icu_A-00798,Peritoneal,Escherichia coli,2025-05-20,R,R,R,R,S,S,S,S,S,S,,,,,R
icu_A,icu_A-00799,Peritoneal,Escherichia coli,2025-02-21,R,S,S,S,S,S,S,S,S,S,,,,,R
icu_A,icu_A-00800,Peritoneal,Escherichia coli,2025-02-08,R,R,S,S,S,S,S,S,S,S,,,,,R
icu_A,icu_A-00801,Peritoneal,Escherichia coli,2025-02-11,R,R,S,R,S,S,S,S,S,S,,,,,R
icu_A,icu_A-00802,Peritoneal,Escherichia coli,2025-09-28,R,S,S,S,S,S,S,S,S,S,,,,,R
icu_A,icu_A-00803,Peritoneal,Escherichia coli,2025-01-09,R,R,R,R,S,S,S,S,S,S,,,,,R
icu_A,icu_A-00804,Peritoneal,Escherichia coli,2025-12-20,R,R,S,R,S,S,S,S,S,S,,,,,R
icu_A,icu_A-00805,Peritoneal,Escherichia coli,2025-04-03,R,R,R,R,R,R,R,R,S,S,,,,,R
icu_A,icu_A-00806,Peritoneal,Escherichia coli,2025-06-22,R,R,R,R,R,R,R,R,S,S,,,,,R
icu_A,icu_A-00806,Peritoneal,Escherichia coli,2025-06-25,S,S,S,S,S,S,S,R,S,S,,,,,R
icu_A,icu_A-00807,Peritoneal,Escherichia coli,2025-02-02,R,R,S,R,S,S,S,S,R,R,,,,,R
icu_A,icu_A-00808,Peritoneal,Escherichia coli,2025-04-29,R,R,S,S,S,S,S,R,S,S,,,,,R
icu_A,icu_A-00809,Peritoneal,Escherichia coli,2025-03-22,R,S,S,S,S,S,S,S,S,S,,,,,R
icu_A,icu_A-00810,Peritoneal,Escherichia coli,2025-09-21,R,R,R,R,R,R,R,R,S,S,,,,,R
icu_A,icu_A-00811,Peritoneal,Escherichia coli,2025-04-11,R,R,S,S,S,S,S,S,S,S,,,,,R
icu_A,icu_A-00812,Peritoneal,Escherichia coli,2025-05-21,R,R,S,R,S,S,S,S,S,S,,,,,R
icu_A,icu_A-00813,Peritoneal,Escherichia coli,2025-04-08,R,R,R,S,S,S,S,S,S,S,,,,,R
icu_A,icu_A-00814,Peritoneal,Escherichia coli,2025-12-20,R,R,S,R,S,S,S,S,S,S,,,,,R
icu_A,icu_A-00815,Peritoneal,Escherichia coli,2025-03-27,R,R,S,R,S,S,S,S,S,S,,,,,R
icu_A,icu_A-00816,Peritoneal,Escherichia coli,2025-11-28,R,R,R,R,R,R,R,R,S,S,,,,,R
icu_A,icu_A-00817,Peritoneal,Escherichia coli,2025-06-08,R,R,S,S,S,S,S,S,S,S,,,,,R
icu_A,icu_A-00817,Peritoneal,Escherichia coli,2025-06-11,R,R,S,S,S,S,S,S,S,S,,,,,R
icu_A,icu_A-00818,Peritoneal,Escherichia coli,2025-01-14,R,R,R,S,S,S,S,S,S,S,,,,,R
icu_A,icu_A-00818,Peritoneal,Escherichia coli,2025-01-17,R,R,S,S,S,S,S,S,S,S,,,,,R
icu_A,icu_A-00819,Peritoneal,Escherichia coli,2025-09-18,S,S,S,S,S,S,S,S,R,R,,,,,R
icu_A,icu_A-00820,Peritoneal,Escherichia coli,2025-01-08,S,S,S,S,S,S,S,S,S,S,,,,,R
icu_A,icu_A-00821,Peritoneal,Escherichia coli,2025-07-22,R,R,S,S,S,S,S,S,S,S,,,,,R
icu_A,icu_A-00822,Peritoneal,Escherichia coli,2025-06-06,R,R,S,S,S,S,S,S,S,S,,,,,R
icu_A,icu_A-00823,Peritoneal,Escherichia coli,2025-01-27,R,R,S,R,S,S,S,S,S,S,,,,,R
icu_A,icu_A-00824,Peritoneal,Escherichia coli,2025-04-22,S,S,S,S,S,S,S,S,S,S,,,,,R
icu_A,icu_A-00825,Peritoneal,Escherichia coli,2025-12-23,R,R,S,S,S,S,S,S,S,S,,,,,R
icu_A,icu_A-00826,Peritoneal,Escherichia coli,2025-04-10,R,R,S,S,S,S,S,S,S,S,,,,,R
icu_A,icu_A-00827,Peritoneal,Escherichia coli,2025-08-15,R,R,S,S,S,S,S,S,S,S,,,,,R
icu_A,icu_A-00828,Peritoneal,Escherichia coli,2025-08-10,R,R,R,R,R,R,R,R,S,S,,,,,R
icu_A,icu_A-00829,Peritoneal,Escherichia coli,2025-05-03,R,R,S,R,S,S,S,S,S,S,,,,,R
icu_A,icu_A-00830,Peritoneal,Escherichia coli,2025-05-03,R,R,R,S,S,S,S,S,S,S,,,,,R
icu_A,icu_A-00831,Peritoneal,Escherichia coli,2025-07-13,R,R,R,R,R,R,R,R,S,S,,,,,R
icu_A,icu_A-00832,Peritoneal,Escherichia coli,2025-04-20,R,R,R,S,S,S,S,S,S,S,,,,,R
icu_A,icu_A-00832,Peritoneal,Escherichia coli,2025-04-23,R,R,R,R,S,S,S,S,S,S,,,,,R
icu_A,icu_A-00833,Peritoneal,Escherichia coli,2025-01-23,R,S,S,S,S,S,S,S,S,S,,,,,R
icu_A,icu_A-00834,Peritoneal,Escherichia coli,2025-10-24,R,R,R,R,S,S,S,S,S,S,,,,,R
icu_A,icu_A-00835,Peritoneal,Escherichia coli,2025-05-26,R,R,R,R,R,R,R,R,S,S,,,,,R
icu_A,icu_A-00836,Peritoneal,Escherichia coli,2025-06-02,R,R,R,R,R,R,R,R,S,S,,,,,R
icu_A,icu_A-00837,Peritoneal,Escherichia coli,2025-12-12,S,S,S,S,S,S,S,S,R,R,,,,,R
icu_A,icu_A-00838,Peritoneal,Escherichia coli,2025-07-03,S,S,S,S,S,S,S,S,S,S,,,,,R
icu_A,icu_A-00839,Peritoneal,Escherichia coli,2025-05-05,R,R,R,S,S,S,S,S,S,S,,,,,R
icu_A,icu_A-00840,Peritoneal,Escherichia coli,2025-07-28,R,R,R,R,R,R,R,R,S,S,,,,,R
icu_A,icu_A-00841,Peritoneal,Escherichia coli,2025-07-09,R,R,R,R,R,R,R,R,S,S,,,,,R
icu_A,icu_A-00842,Peritoneal,Escherichia coli,2025-01-02,R,R,R,R,R,R,R,R,S,S,,,,,R
icu_A,icu_A-00843,Peritoneal,Escherichia coli,2025-09-04,R,R,R,S,S,S,S,S,S,S,,,,,R
icu_A,icu_A-00844,Peritoneal,Escherichia coli,2025-02-11,S,S,S,S,S,S,S,R,S,S,,,,,R
icu_A,icu_A-00845,Peritoneal,Escherichia coli,2025-08-23,R,R,R,R,R,R,R,R,S,S,,,,,R
icu_A,icu_A-00846,Peritoneal,Escherichia coli,2025-01-17,R,R,S,S,S,S,S,S,S,S,,,,,R
icu_A,icu_A-00847,Peritoneal,Escherichia coli,2025-12-22,R,R,S,R,S,S,S,S,S,S,,,,,R
icu_A,icu_A-00848,Peritoneal,Escherichia coli,2025-08-30,R,R,R,S,S,S,S,S,S,S,,,,,R
icu_A,icu_A-00848,Peritoneal,Escherichia coli,2025-09-02,R,S,S,S,S,S,S,S,S,S,,,,,R
icu_A,icu_A-00849,Peritoneal,Escherichia coli,2025-06-30,R,R,S,R,S,S,S,S,S,S,,,,,R
icu_A,icu_A-00849,Peritoneal,Escherichia coli,2025-07-03,S,S,S,S,S,S,S,S,S,S,,,,,R
icu_A,icu_A-00850,Peritoneal,Escherichia coli,2025-05-19,R,R,R,R,R,R,R,S,S,S,,,,,R
icu_A,icu_A-00851,Peritoneal,Escherichia coli,2025-09-14,R,R,R,R,R,R,R,S,S,S,,,,,R
icu_A,icu_A-00852,Peritoneal,Escherichia coli,2025-05-04,S,S,S,S,S,S,S,S,S,S,,,,,R
icu_A,icu_A-00853,Peritoneal,Escherichia coli,2025-07-23,R,R,S,S,S,S,S,S,S,S,,,,,R
icu_A,icu_A-00854,Peritoneal,Escherichia coli,2025-08-04,S,S,S,S,S,S,S,S,S,S,,,,,R
icu_A,icu_A-00855,Peritoneal,Escherichia coli,2025-09-05,R,R,S,S,S,S,S,S,S,S,,,,,R
icu_A,icu_A-00855,Peritoneal,Escherichia coli,2025-09-08,S,S,S,S,S,S,S,R,S,S,,,,,R
icu_A,icu_A-00856,Peritoneal,Escherichia coli,2025-03-21,S,S,S,S,S,S,S,S,S,S,,,,,R
icu_A,icu_A-00857,Peritoneal,Escherichia coli,2025-06-06,R,R,S,R,S,S,S,S,S,S,,,,,R
icu_A,icu_A-00858,Peritoneal,Escherichia coli,2025-11-19,R,R,S,S,S,S,S,S,S,S,,,,,R
icu_A,icu_A-00858,Peritoneal,Escherichia coli,2025-11-22,R,R,R,R,R,R,R,R,S,S,,,,,R
icu_A,icu_A-00859,Peritoneal,Escherichia coli,2025-05-12,R,R,S,R,S,S,S,S,S,S,,,,,R
icu_A,icu_A-00860,Peritoneal,Escherichia coli,2025-10-26,R,R,R,S,S,S,S,S,S,S,,,,,R
icu_A,icu_A-00861,Peritoneal,Klebsiella pneumoniae,2025-09-15,R,R,R,R,R,R,R,R,S,S,,,,,R
icu_A,icu_A-00862,Peritoneal,Klebsiella pneumoniae,2025-10-23,R,R,R,R,R,R,R,S,S,S,,,,,R
icu_A,icu_A-00863,Peritoneal,Klebsiella pneumoniae,2025-10-02,R,R,R,R,R,R,R,R,S,S,,,,,R
icu_A,icu_A-00864,Peritoneal,Klebsiella pneumoniae,2025-06-09,S,S,S,S,S,S,S,S,S,S,,,,,R
icu_A,icu_A-00865,Peritoneal,Klebsiella pneumoniae,2025-03-25,S,S,S,S,S,S,S,S,S,S,,,,,R
icu_A,icu_A-00866,Peritoneal,Klebsiella pneumoniae,2025-01-17,R,R,R,R,R,R,R,S,S,S,,,,,R
icu_A,icu_A-00867,Peritoneal,Klebsiella pneumoniae,2025-06-24,R,R,S,R,S,S,S,S,S,S,,,,,R
icu_A,icu_A-00867,Peritoneal,Klebsiella pneumoniae,2025-06-27,R,R,R,R,R,R,R,R,S,S,,,,,R
icu_A,icu_A-00868,Peritoneal,Klebsiella pneumoniae,2025-08-03,R,R,R,R,R,R,R,R,S,S,,,,,R
icu_A,icu_A-00869,Peritoneal,Klebsiella pneumoniae,2025-09-24,R,R,R,R,R,R,R,R,S,S,,,,,R
icu_A,icu_A-00870,Peritoneal,Klebsiella pneumoniae,2025-02-13,R,R,R,R,R,R,R,R,S,S,,,,,R
icu_A,icu_A-00871,Peritoneal,Klebsiella pneumoniae,2025-12-09,R,R,R,R,R,R,R,R,S,S,,,,,R
icu_A,icu_A-00872,Peritoneal,Klebsiella pneumoniae,2025-12-27,R,R,R,R,R,R,R,S,S,S,,,,,R
icu_A,icu_A-00873,Peritoneal,Klebsiella pneumoniae,2025-12-30,R,R,R,R,R,R,R,R,S,S,,,,,R
icu_A,icu_A-00874,Peritoneal,Klebsiella pneumoniae,2025-10-24,R,R,R,S,S,S,S,S,S,S,,,,,R
icu_A,icu_A-00875,Peritoneal,Klebsiella pneumoniae,2025-12-13,R,R,S,R,S,S,S,S,S,S,,,,,R
icu_A,icu_A-00876,Peritoneal,Klebsiella pneumoniae,2025-11-01,R,R,S,S,S,S,S,S,S,S,,,,,R
icu_A,icu_A-00877,Peritoneal,Klebsiella pneumoniae,2025-04-10,R,S,S,R,S,S,S,S,S,S,,,,,R
icu_A,icu_A-00878,Peritoneal,Klebsiella pneumoniae,2025-02-10,R,R,R,R,R,R,R,S,S,S,,,,,R
icu_A,icu_A-00879,Peritoneal,Klebsiella pneumoniae,2025-10-25,R,R,R,R,R,R,R,S,S,S,,,,,R
icu_A,icu_A-00880,Peritoneal,Klebsiella pneumoniae,2025-03-30,S,S,S,S,S,S,S,S,S,S,,,,,R
icu_A,icu_A-00881,Peritoneal,Klebsiella pneumoniae,2025-10-11,R,R,R,R,R,R,R,R,R,R,,,,,R
icu_A,icu_A-00882,Peritoneal,Klebsiella pneumoniae,2025-02-02,R,R,R,R,R,R,R,R,S,S,,,,,R
icu_A,icu_A-00883,Peritoneal,Klebsiella pneumoniae,2025-12-12,R,R,R,R,R,R,R,R,S,S,,,,,R
icu_A,icu_A-00884,Peritoneal,Klebsiella pneumoniae,2025-10-19,R,R,R,R,S,S,S,S,S,S,,,,,R
icu_A,icu_A-00885,Peritoneal,Klebsiella pneumoniae,2025-10-29,S,S,S,S,S,S,S,R,S,S,,,,,R
icu_A,icu_A-00885,Peritoneal,Klebsiella pneumoniae,2025-11-01,R,R,R,R,S,S,S,S,S,S,,,,,R
icu_A,icu_A-00886,Peritoneal,Klebsiella pneumoniae,2025-04-19,S,S,S,R,S,S,S,S,S,S,,,,,R
icu_A,icu_A-00887,Peritoneal,Klebsiella pneumoniae,2025-02-20,R,R,R,R,R,R,R,R,S,S,,,,,R
icu_A,icu_A-00888,Peritoneal,Klebsiella pneumoniae,2025-07-14,S,S,S,S,S,S,S,S,S,S,,,,,R
icu_A,icu_A-00889,Peritoneal,Klebsiella pneumoniae,2025-01-24,S,S,R,S,S,S,S,S,S,S,,,,,R
icu_A,icu_A-00890,Peritoneal,Klebsiella pneumoniae,2025-12-09,R,R,R,R,R,R,R,R,S,S,,,,,R
icu_A,icu_A-00891,Peritoneal,Klebsiella pneumoniae,2025-08-24,R,R,R,R,R,R,R,R,S,S,,,,,R
icu_A,icu_A-00891,Peritoneal,Klebsiella pneumoniae,2025-08-27,S,S,S,S,S,S,S,S,S,S,,,,,R
icu_A,icu_A-00892,Peritoneal,Klebsiella pneumoniae,2025-04-12,R,R,R,R,R,R,R,R,S,S,,,,,R
icu_A,icu_A-00892,Peritoneal,Klebsiella pneumoniae,2025-04-15,R,R,R,R,R,R,R,R,S,S,,,,,R
icu_A,icu_A-00893,Peritoneal,Klebsiella pneumoniae,2025-09-22,R,R,R,R,R,R,R,R,S,S,,,,,R
icu_A,icu_A-00894,Peritoneal,Klebsiella pneumoniae,2025-05-01,R,R,R,R,R,R,R,R,R,R,,,,,R
icu_A,icu_A-00895,Peritoneal,Klebsiella pneumoniae,2025-04-11,S,S,S,S,S,S,S,S,S,S,,,,,R
icu_A,icu_A-00896,Peritoneal,Klebsiella pneumoniae,2025-06-22,S,S,S,S,S,S,S,S,S,S,,,,,R
icu_A,icu_A-00897,Peritoneal,Klebsiella pneumoniae,2025-07-11,S,S,S,S,S,S,S,S,S,S,,,,,R
icu_A,icu_A-00897,Peritoneal,Klebsiella pneumoniae,2025-07-14,R,R,R,R,R,R,R,R,S,S,,,,,R
icu_A,icu_A-00898,Peritoneal,Klebsiella pneumoniae,2025-01-02,R,R,R,R,R,R,R,R,S,S,,,,,R
icu_A,icu_A-00899,Peritoneal,Klebsiella pneumoniae,2025-03-15,S,S,S,S,S,S,S,S,S,S,,,,,R
icu_A,icu_A-00900,Peritoneal,Klebsiella pneumoniae,2025-09-30,R,R,R,R,S,S,S,R,S,S,,,,,R
icu_A,icu_A-00901,Peritoneal,Klebsiella pneumoniae,2025-02-07,R,R,R,R,R,R,R,S,S,S,,,,,R
icu_A,icu_A-00901,Peritoneal,Klebsiella pneumoniae,2025-02-10,R,R,R,R,R,R,R,R,S,S,,,,,R
icu_A,icu_A-00902,Peritoneal,Klebsiella pneumoniae,2025-05-20,R,R,R,R,R,R,R,R,S,S,,,,,R
icu_A,icu_A-00903,Peritoneal,Klebsiella pneumoniae,2025-08-20,S,S,S,S,S,S,S,S,S,S,,,,,R
icu_A,icu_A-00904,Peritoneal,Klebsiella pneumoniae,2025-08-13,R,R,R,R,R,R,R,R,S,S,,,,,R
icu_A,icu_A-00905,Peritoneal,Klebsiella pneumoniae,2025-12-16,S,S,S,S,S,S,S,S,S,S,,,,,R
icu_A,icu_A-00905,Peritoneal,Klebsiella pneumoniae,2025-12-19,R,R,R,R,R,R,R,R,S,S,,,,,R
icu_A,icu_A-00906,Peritoneal,Enterococcus spp.,2025-10-07,R,R,R,R,R,R,R,,,,S,S,S,,R
icu_A,icu_A-00907,Peritoneal,Enterococcus spp.,2025-11-02,S,R,S,R,R,S,R,,,,S,S,S,,S
icu_A,icu_A-00908,Peritoneal,Enterococcus spp.,2025-10-17,R,R,R,R,R,R,R,,,,S,S,S,,R
icu_A,icu_A-00909,Peritoneal,Enterococcus spp.,2025-01-07,S,R,S,R,R,S,R,,,,S,S,S,,S
icu_A,icu_A-00910,Peritoneal,Enterococcus spp.,2025-06-21,S,R,S,R,R,S,R,,,,S,S,R,,S
icu_A,icu_A-00911,Peritoneal,Enterococcus spp.,2025-04-07,R,R,R,R,R,R,R,,,,S,S,S,,R
icu_A,icu_A-00912,Peritoneal,Enterococcus spp.,2025-07-19,S,R,S,R,R,S,R,,,,S,S,S,,S
icu_A,icu_A-00913,Peritoneal,Enterococcus spp.,2025-06-03,S,R,S,R,R,S,R,,,,S,S,S,,S
icu_A,icu_A-00914,Peritoneal,Enterococcus spp.,2025-04-29,R,R,R,R,R,R,R,,,,S,S,S,,R
icu_A,icu_A-00915,Peritoneal,Enterococcus spp.,2025-01-03,S,R,S,R,R,S,R,,,,S,S,S,,S
icu_A,icu_A-00916,Peritoneal,Enterococcus spp.,2025-12-11,R,R,R,R,R,R,R,,,,S,S,S,,R
icu_A,icu_A-00917,Peritoneal,Enterococcus spp.,2025-04-02,S,R,S,R,R,S,R,,,,S,S,S,,S
icu_A,icu_A-00917,Peritoneal,Enterococcus spp.,2025-04-05,S,R,S,R,R,S,R,,,,R,R,S,,S
icu_A,icu_A-00918,Peritoneal,Enterococcus spp.,2025-01-05,R,R,R,R,R,R,R,,,,S,S,S,,R
icu_A,icu_A-00919,Peritoneal,Enterococcus spp.,2025-05-31,R,R,R,R,R,R,R,,,,S,S,S,,R
icu_A,icu_A-00920,Peritoneal,Enterococcus spp.,2025-12-05,R,R,R,R,R,R,R,,,,R,R,S,,R
icu_A,icu_A-00921,Peritoneal,Enterococcus spp.,2025-03-18,S,R,S,R,R,S,R,,,,S,S,S,,S
icu_A,icu_A-00922,Peritoneal,Enterococcus spp.,2025-01-25,S,R,S,R,R,S,R,,,,S,S,S,,S
icu_A,icu_A-00923,Peritoneal,Enterococcus spp.,2025-08-02,R,R,R,R,R,R,R,,,,S,S,S,,R
icu_A,icu_A-00923,Peritoneal,Enterococcus spp.,2025-08-05,S,R,S,R,R,S,R,,,,S,S,S,,S
icu_A,icu_A-00924,Peritoneal,Enterococcus spp.,2025-06-01,S,R,S,R,R,S,R,,,,S,S,S,,S
icu_A,icu_A-00925,Peritoneal,Enterococcus spp.,2025-03-14,R,R,R,R,R,R,R,,,,S,S,S,,R
icu_A,icu_A-00926,Peritoneal,Enterococcus spp.,2025-01-29,R,R,R,R,R,R,R,,,,S,S,S,,R
icu_A,icu_A-00927,Peritoneal,Enterococcus spp.,2025-12-14,S,R,S,R,R,S,R,,,,S,S,S,,S
icu_A,icu_A-00928,Peritoneal,Enterococcus spp.,2025-03-08,S,R,S,R,R,S,R,,,,S,S,S,,S
icu_A,icu_A-00928,Peritoneal,Enterococcus spp.,2025-03-11,R,R,R,R,R,R,R,,,,S,S,S,,R
icu_A,icu_A-00929,Peritoneal,Enterococcus spp.,2025-08-04,R,R,R,R,R,R,R,,,,S,S,S,,R
icu_A,icu_A-00930,Peritoneal,Enterococcus spp.,2025-02-03,R,R,R,R,R,R,R,,,,S,S,S,,R
icu_A,icu_A-00930,Peritoneal,Enterococcus spp.,2025-02-06,S,R,S,R,R,S,R,,,,S,S,S,,S
icu_A,icu_A-00931,Peritoneal,Pseudomonas aeruginosa,2025-06-02,R,R,S,S,R,S,S,S,R,R,,,,,R
icu_A,icu_A-00931,Peritoneal,Pseudomonas aeruginosa,2025-06-05,R,R,S,S,R,S,S,S,S,S,,,,,R
icu_A,icu_A-00932,Peritoneal,Pseudomonas aeruginosa,2025-09-24,R,R,R,R,R,R,R,S,S,S,,,,,R
icu_A,icu_A-00933,Peritoneal,Pseudomonas aeruginosa,2025-04-13,R,R,S,S,R,S,S,S,S,S,,,,,R
icu_A,icu_A-00934,Peritoneal,Pseudomonas aeruginosa,2025-06-25,R,R,R,S,R,S,S,S,S,S,,,,,R
icu_A,icu_A-00935,Peritoneal,Pseudomonas aeruginosa,2025-09-08,R,R,S,S,R,S,S,S,S,S,,,,,R
icu_A,icu_A-00935,Peritoneal,Pseudomonas aeruginosa,2025-09-11,R,R,R,R,R,R,R,R,S,S,,,,,R
icu_A,icu_A-00936,Peritoneal,Pseudomonas aeruginosa,2025-12-18,R,R,R,S,R,S,S,S,S,S,,,,,R
icu_A,icu_A-00937,Peritoneal,Pseudomonas aeruginosa,2025-08-14,R,R,S,S,R,S,S,S,S,S,,,,,R
icu_A,icu_A-00938,Peritoneal,Pseudomonas aeruginosa,2025-05-02,R,R,S,S,R,S,S,S,S,S,,,,,R
icu_A,icu_A-00939,Peritoneal,Pseudomonas aeruginosa,2025-04-16,R,R,S,R,R,S,S,R,S,S,,,,,R
icu_A,icu_A-00940,Peritoneal,Pseudomonas aeruginosa,2025-04-02,R,R,R,S,R,S,S,S,R,R,,,,,R
icu_A,icu_A-00941,Peritoneal,Pseudomonas aeruginosa,2025-07-12,R,R,S,S,R,S,S,S,S,S,,,,,R
icu_A,icu_A-00942,Peritoneal,Pseudomonas aeruginosa,2025-08-21,R,R,R,R,R,R,R,R,S,S,,,,,R
icu_A,icu_A-00943,Peritoneal,Pseudomonas aeruginosa,2025-05-05,R,R,R,S,R,R,R,R,S,S,,,,,R
icu_A,icu_A-00944,Peritoneal,Pseudomonas aeruginosa,2025-02-22,R,R,S,S,R,S,S,R,S,S,,,,,R
icu_A,icu_A-00945,Peritoneal,Pseudomonas aeruginosa,2025-02-26,R,R,S,R,R,S,S,S,S,S,,,,,R
icu_A,icu_A-00946,Peritoneal,Acinetobacter baumannii,2025-10-25,R,R,R,R,R,R,R,R,S,S,,,,,R
icu_A,icu_A-00947,Peritoneal,Acinetobacter baumannii,2025-07-23,R,R,R,R,R,R,R,R,S,S,,,,,R
icu_A,icu_A-00947,Peritoneal,Acinetobacter baumannii,2025-07-26,R,R,R,R,R,R,R,R,S,S,,,,,R
icu_A,icu_A-00948,Peritoneal,Acinetobacter baumannii,2025-06-17,R,R,R,R,R,R,R,R,S,S,,,,,R
icu_A,icu_A-00949,Peritoneal,Acinetobacter baumannii,2025-05-12,R,R,S,S,R,S,S,R,S,S,,,,,R
icu_A,icu_A-00950,Peritoneal,Acinetobacter baumannii,2025-06-22,R,R,R,S,R,S,S,R,S,S,,,,,R
icu_A,icu_A-00951,Peritoneal,Acinetobacter baumannii,2025-07-12,R,R,R,R,R,R,R,R,S,S,,,,,R
icu_A,icu_A-00952,Peritoneal,Acinetobacter baumannii,2025-05-18,R,R,R,S,R,R,R,R,S,S,,,,,R
icu_A,icu_A-00952,Peritoneal,Acinetobacter baumannii,2025-05-21,R,R,S,S,R,S,S,R,S,S,,,,,R
icu_A,icu_A-00953,Peritoneal,Acinetobacter baumannii,2025-03-27,R,R,R,R,R,R,R,R,R,R,,,,,R
icu_A,icu_A-00953,Peritoneal,Acinetobacter baumannii,2025-03-30,R,R,R,R,R,R,R,R,S,S,,,,,R
icu_A,icu_A-00954,Peritoneal,Acinetobacter baumannii,2025-04-14,R,R,R,R,R,R,R,R,S,S,,,,,R
icu_A,icu_A-00955,Peritoneal,Acinetobacter baumannii,2025-09-17,R,R,R,R,R,R,R,R,S,S,,,,,R
