SPEC_TYPE,ORGANISM,ANTIBIOTIC,N,PCT_R
Blood,Acinetobacter baumannii,AMC,14,100.0
Blood,Acinetobacter baumannii,CRO,14,100.0
Blood,Acinetobacter baumannii,TZP,14,57.1
Blood,Acinetobacter baumannii,CSL,14,7.1
Blood,Acinetobacter baumannii,ETP,14,100.0
Blood,Acinetobacter baumannii,IPM,14,42.9
Blood,Acinetobacter baumannii,MEM,14,42.9
Blood,Acinetobacter baumannii,AMK,14,7.1
Blood,Acinetobacter baumannii,COL,14,0.0
Blood,Acinetobacter baumannii,PMB,14,0.0
Blood,Acinetobacter baumannii,AMP,14,100.0
Blood,Enterococcus spp.,AMC,21,28.6
Blood,Enterococcus spp.,CRO,21,100.0
Blood,Enterococcus spp.,TZP,21,28.6
Blood,Enterococcus spp.,CSL,21,100.0
Blood,Enterococcus spp.,ETP,21,100.0
Blood,Enterococcus spp.,IPM,21,28.6
Blood,Enterococcus spp.,MEM,21,100.0
Blood,Enterococcus spp.,VAN,21,4.8
Blood,Enterococcus spp.,TEC,21,4.8
Blood,Enterococcus spp.,LNZ,21,0.0
Blood,Enterococcus spp.,AMP,21,28.6
Blood,Escherichia coli,AMC,56,25.0
Blood,Escherichia coli,CRO,56,23.2
Blood,Escherichia coli,TZP,56,7.1
Blood,Escherichia coli,CSL,56,8.9
Blood,Escherichia coli,ETP,56,5.4
Blood,Escherichia coli,IPM,56,5.4
Blood,Escherichia coli,MEM,56,5.4
Blood,Escherichia coli,AMK,56,3.6
Blood,Escherichia coli,COL,56,0.0
Blood,Escherichia coli,PMB,56,0.0
Blood,Escherichia coli,AMP,56,100.0
Blood,Klebsiella pneumoniae,AMC,63,28.6
Blood,Klebsiella pneumoniae,CRO,63,28.6
Blood,Klebsiella pneumoniae,TZP,63,20.6
Blood,Klebsiella pneumoniae,CSL,63,23.8
Blood,Klebsiella pneumoniae,ETP,63,20.6
Blood,Klebsiella pneumoniae,IPM,63,20.6
Blood,Klebsiella pneumoniae,MEM,63,20.6
Blood,Klebsiella pneumoniae,AMK,63,11.1
Blood,Klebsiella pneumoniae,COL,63,1.6
Blood,Klebsiella pneumoniae,PMB,63,1.6
Blood,Klebsiella pneumoniae,AMP,63,100.0
Blood,Pseudomonas aeruginosa,AMC,24,100.0
Blood,Pseudomonas aeruginosa,CRO,24,100.0
Blood,Pseudomonas aeruginosa,TZP,24,12.5
Blood,Pseudomonas aeruginosa,CSL,24,8.3
Blood,Pseudomonas aeruginosa,ETP,24,100.0
Blood,Pseudomonas aeruginosa,IPM,24,12.5
Blood,Pseudomonas aeruginosa,MEM,24,12.5
Blood,Pseudomonas aeruginosa,AMK,24,16.7
Blood,Pseudomonas aeruginosa,COL,24,0.0
Blood,Pseudomonas aeruginosa,PMB,24,0.0
Blood,Pseudomonas aeruginosa,AMP,24,100.0
Blood,Salmonella Typhi,AMC,18,0.0
Blood,Salmonella Typhi,CRO,18,5.6
Blood,Salmonella Typhi,TZP,18,5.6
Blood,Salmonella Typhi,CSL,18,0.0
Blood,Salmonella Typhi,ETP,18,0.0
Blood,Salmonella Typhi,IPM,18,0.0
Blood,Salmonella Typhi,MEM,18,0.0
Blood,Staphylococcus aureus,AMC,38,23.7
Blood,Staphylococcus aureus,CRO,38,23.7
Blood,Staphylococcus aureus,TZP,38,23.7
Blood,Staphylococcus aureus,CSL,38,23.7
Blood,Staphylococcus aureus,ETP,38,23.7
Blood,Staphylococcus aureus,IPM,38,23.7
Blood,Staphylococcus aureus,MEM,38,23.7
Blood,Staphylococcus aureus,VAN,38,0.0
Blood,Staphylococcus aureus,TEC,38,0.0
Blood,Staphylococcus aureus,LNZ,38,0.0
Blood,Staphylococcus aureus,OXA,38,23.7
Peritoneal,Acinetobacter baumannii,AMC,3,100.0
Peritoneal,Acinetobacter baumannii,CRO,3,100.0
Peritoneal,Acinetobacter baumannii,TZP,3,66.7
Peritoneal,Acinetobacter baumannii,CSL,3,0.0
Peritoneal,Acinetobacter baumannii,ETP,3,100.0
Peritoneal,Acinetobacter baumannii,IPM,3,66.7
Peritoneal,Acinetobacter baumannii,MEM,3,66.7
Peritoneal,Acinetobacter baumannii,AMK,3,100.0
Peritoneal,Acinetobacter baumannii,COL,3,0.0
Peritoneal,Acinetobacter baumannii,PMB,3,0.0
Peritoneal,Acinetobacter baumannii,AMP,3,100.0
Peritoneal,Enterococcus spp.,AMC,18,22.2
Peritoneal,Enterococcus spp.,CRO,18,100.0
Peritoneal,Enterococcus spp.,TZP,18,22.2
Peritoneal,Enterococcus spp.,CSL,18,100.0
Peritoneal,Enterococcus spp.,ETP,18,100.0
Peritoneal,Enterococcus spp.,IPM,18,22.2
Peritoneal,Enterococcus spp.,MEM,18,100.0
Peritoneal,Enterococcus spp.,VAN,18,0.0
Peritoneal,Enterococcus spp.,TEC,18,0.0
Peritoneal,Enterococcus spp.,LNZ,18,0.0
Peritoneal,Enterococcus spp.,AMP,18,22.2
Peritoneal,Escherichia coli,AMC,49,30.6
Peritoneal,Escherichia coli,CRO,49,28.6
Peritoneal,Escherichia coli,TZP,49,14.3
Peritoneal,Escherichia coli,CSL,49,14.3
Peritoneal,Escherichia coli,ETP,49,14.3
Peritoneal,Escherichia coli,IPM,49,14.3
Peritoneal,Escherichia coli,MEM,49,14.3
Peritoneal,Escherichia coli,AMK,49,6.1
Peritoneal,Escherichia coli,COL,49,0.0
Peritoneal,Escherichia coli,PMB,49,0.0
Peritoneal,Escherichia coli,AMP,49,100.0
Peritoneal,Klebsiella pneumoniae,AMC,31,32.3
Peritoneal,Klebsiella pneumoniae,CRO,31,29.0
Peritoneal,Klebsiella pneumoniae,TZP,31,32.3
Peritoneal,Klebsiella pneumoniae,CSL,31,25.8
Peritoneal,Klebsiella pneumoniae,ETP,31,25.8
Peritoneal,Klebsiella pneumoniae,IPM,31,25.8
Peritoneal,Klebsiella pneumoniae,MEM,31,25.8
Peritoneal,Klebsiella pneumoniae,AMK,31,12.9
Peritoneal,Klebsiella pneumoniae,COL,31,0.0
Peritoneal,Klebsiella pneumoniae,PMB,31,0.0
Peritoneal,Klebsiella pneumoniae,AMP,31,100.0
Peritoneal,Pseudomonas aeruginosa,AMC,10,100.0
Peritoneal,Pseudomonas aeruginosa,CRO,10,100.0
Peritoneal,Pseudomonas aeruginosa,TZP,10,0.0
Peritoneal,Pseudomonas aeruginosa,CSL,10,10.0
Peritoneal,Pseudomonas aeruginosa,ETP,10,100.0
Peritoneal,Pseudomonas aeruginosa,IPM,10,0.0
Peritoneal,Pseudomonas aeruginosa,MEM,10,0.0
Peritoneal,Pseudomonas aeruginosa,AMK,10,10.0
Peritoneal,Pseudomonas aeruginosa,COL,10,0.0
Peritoneal,Pseudomonas aeruginosa,PMB,10,0.0
Peritoneal,Pseudomonas aeruginosa,AMP,10,100.0
Resp-CAP,Haemophilus influenzae,AMC,18,0.0
Resp-CAP,Haemophilus influenzae,CRO,18,5.6
Resp-CAP,Haemophilus influenzae,TZP,18,0.0
Resp-CAP,Haemophilus influenzae,CSL,18,5.6
Resp-CAP,Haemophilus influenzae,ETP,18,0.0
Resp-CAP,Haemophilus influenzae,IPM,18,0.0
Resp-CAP,Haemophilus influenzae,MEM,18,0.0
Resp-CAP,Klebsiella pneumoniae,AMC,18,22.2
Resp-CAP,Klebsiella pneumoniae,CRO,18,11.1
Resp-CAP,Klebsiella pneumoniae,TZP,18,11.1
Resp-CAP,Klebsiella pneumoniae,CSL,18,11.1
Resp-CAP,Klebsiella pneumoniae,ETP,18,11.1
Resp-CAP,Klebsiella pneumoniae,IPM,18,11.1
Resp-CAP,Klebsiella pneumoniae,MEM,18,11.1
Resp-CAP,Klebsiella pneumoniae,AMK,18,5.6
Resp-CAP,Klebsiella pneumoniae,COL,18,5.6
Resp-CAP,Klebsiella pneumoniae,PMB,18,5.6
Resp-CAP,Klebsiella pneumoniae,AMP,18,100.0
Resp-CAP,Pseudomonas aeruginosa,AMC,7,100.0
Resp-CAP,Pseudomonas aeruginosa,CRO,7,100.0
Resp-CAP,Pseudomonas aeruginosa,TZP,7,14.3
Resp-CAP,Pseudomonas aeruginosa,CSL,7,0.0
Resp-CAP,Pseudomonas aeruginosa,ETP,7,100.0
Resp-CAP,Pseudomonas aeruginosa,IPM,7,0.0
Resp-CAP,Pseudomonas aeruginosa,MEM,7,0.0
Resp-CAP,Pseudomonas aeruginosa,AMK,7,0.0
Resp-CAP,Pseudomonas aeruginosa,COL,7,0.0
Resp-CAP,Pseudomonas aeruginosa,PMB,7,0.0
Resp-CAP,Pseudomonas aeruginosa,AMP,7,100.0
Resp-CAP,Staphylococcus aureus,AMC,14,21.4
Resp-CAP,Staphylococcus aureus,CRO,14,21.4
Resp-CAP,Staphylococcus aureus,TZP,14,21.4
Resp-CAP,Staphylococcus aureus,CSL,14,21.4
Resp-CAP,Staphylococcus aureus,ETP,14,21.4
Resp-CAP,Staphylococcus aureus,IPM,14,21.4
Resp-CAP,Staphylococcus aureus,MEM,14,21.4
Resp-CAP,Staphylococcus aureus,VAN,14,0.0
Resp-CAP,Staphylococcus aureus,TEC,14,0.0
Resp-CAP,Staphylococcus aureus,LNZ,14,0.0
Resp-CAP,Staphylococcus aureus,OXA,14,21.4
Resp-CAP,Streptococcus pneumoniae,AMC,28,3.6
Resp-CAP,Streptococcus pneumoniae,CRO,28,3.6
Resp-CAP,Streptococcus pneumoniae,TZP,28,3.6
Resp-CAP,Streptococcus pneumoniae,CSL,28,3.6
Resp-CAP,Streptococcus pneumoniae,ETP,28,0.0
Resp-CAP,Streptococcus pneumoniae,IPM,28,0.0
Resp-CAP,Streptococcus pneumoniae,MEM,28,0.0
Resp-CAP,Streptococcus pneumoniae,VAN,28,0.0
Resp-CAP,Streptococcus pneumoniae,TEC,28,0.0
Resp-CAP,Streptococcus pneumoniae,LNZ,28,0.0
Resp-VAP,Acinetobacter baumannii,AMC,31,100.0
Resp-VAP,Acinetobacter baumannii,CRO,31,100.0
Resp-VAP,Acinetobacter baumannii,TZP,31,45.2
Resp-VAP,Acinetobacter baumannii,CSL,31,6.5
Resp-VAP,Acinetobacter baumannii,ETP,31,100.0
Resp-VAP,Acinetobacter baumannii,IPM,31,29.0
Resp-VAP,Acinetobacter baumannii,MEM,31,29.0
Resp-VAP,Acinetobacter baumannii,AMK,31,19.4
Resp-VAP,Acinetobacter baumannii,COL,31,6.5
Resp-VAP,Acinetobacter baumannii,PMB,31,6.5
Resp-VAP,Acinetobacter baumannii,AMP,31,100.0
Resp-VAP,Escherichia coli,AMC,14,50.0
Resp-VAP,Escherichia coli,CRO,14,50.0
Resp-VAP,Escherichia coli,TZP,14,7.1
Resp-VAP,Escherichia coli,CSL,14,14.3
Resp-VAP,Escherichia coli,ETP,14,7.1
Resp-VAP,Escherichia coli,IPM,14,7.1
Resp-VAP,Escherichia coli,MEM,14,7.1
Resp-VAP,Escherichia coli,AMK,14,7.1
Resp-VAP,Escherichia coli,COL,14,0.0
Resp-VAP,Escherichia coli,PMB,14,0.0
Resp-VAP,Escherichia coli,AMP,14,100.0
Resp-VAP,Klebsiella pneumoniae,AMC,63,20.6
Resp-VAP,Klebsiella pneumoniae,CRO,63,20.6
Resp-VAP,Klebsiella pneumoniae,TZP,63,15.9
Resp-VAP,Klebsiella pneumoniae,CSL,63,15.9
Resp-VAP,Klebsiella pneumoniae,ETP,63,14.3
Resp-VAP,Klebsiella pneumoniae,IPM,63,14.3
Resp-VAP,Klebsiella pneumoniae,MEM,63,14.3
Resp-VAP,Klebsiella pneumoniae,AMK,63,11.1
Resp-VAP,Klebsiella pneumoniae,COL,63,6.3
Resp-VAP,Klebsiella pneumoniae,PMB,63,6.3
Resp-VAP,Klebsiella pneumoniae,AMP,63,100.0
Resp-VAP,Pseudomonas aeruginosa,AMC,42,100.0
Resp-VAP,Pseudomonas aeruginosa,CRO,42,100.0
Resp-VAP,Pseudomonas aeruginosa,TZP,42,7.1
Resp-VAP,Pseudomonas aeruginosa,CSL,42,7.1
Resp-VAP,Pseudomonas aeruginosa,ETP,42,100.0
Resp-VAP,Pseudomonas aeruginosa,IPM,42,14.3
Resp-VAP,Pseudomonas aeruginosa,MEM,42,14.3
Resp-VAP,Pseudomonas aeruginosa,AMK,42,7.1
Resp-VAP,Pseudomonas aeruginosa,COL,42,0.0
Resp-VAP,Pseudomonas aeruginosa,PMB,42,0.0
Resp-VAP,Pseudomonas aeruginosa,AMP,42,100.0
Resp-VAP,Staphylococcus aureus,AMC,18,16.7
Resp-VAP,Staphylococcus aureus,CRO,18,16.7
Resp-VAP,Staphylococcus aureus,TZP,18,16.7
Resp-VAP,Staphylococcus aureus,CSL,18,16.7
Resp-VAP,Staphylococcus aureus,ETP,18,16.7
Resp-VAP,Staphylococcus aureus,IPM,18,16.7
Resp-VAP,Staphylococcus aureus,MEM,18,16.7
Resp-VAP,Staphylococcus aureus,VAN,18,0.0
Resp-VAP,Staphylococcus aureus,TEC,18,0.0
Resp-VAP,Staphylococcus aureus,LNZ,18,0.0
Resp-VAP,Staphylococcus aureus,OXA,18,16.7
